tree
version=v4
num_class=1
num_tree_per_iteration=1
label_index=0
max_feature_idx=39
objective=binary sigmoid:1
feature_names=name_exact_match name_core_exact_match name_rapidfuzz_ratio name_rapidfuzz_token_sort name_rapidfuzz_token_set name_jaccard_3gram name_jaccard_token name_token_containment name_sequence_ratio name_len_diff name_len_ratio name_tok_diff address_exact_match address_core_exact_match address_rapidfuzz_ratio address_rapidfuzz_token_set address_jaccard_3gram address_jaccard_token address_token_containment address_sequence_ratio address_numeric_match address_has_exact_number_match address_len_diff address_len_ratio address_tok_diff country_match is_us is_india s1_missing_name s2_missing_name s1_missing_address s2_missing_address both_missing_address retrieval_rank retrieval_reciprocal_rank retrieval_log_rank is_source3 name_address_product name_address_min name_address_harmonic_mean
feature_infos=[0:1] [0:1] [0:1] [0:1] [0:1] [0:1] [0:1] [0:1] [0:1] [0:45] [0.052631579339504242:1] [0:7] [0:1] [0:1] [0:1] [0:1] [0:1] [0:1] [0:1] [0:1] [0:1] [0:1] [0:153] [0:1] [0:19] none [0:1] [0:1] none none none [0:1] none [1:64] [0.015625:1] [0.69314718246459961:4.1743874549865723] [0:1] [0:1] [0:1] [0:0.9999995231628418]
tree_sizes=3305 3384 3380 3372 3379 3389 3384 3379 3417 3394 3386 3396 3423 3417 3424 3404 3407 3413 3399 3430 3415 3401 3400 3410 3418 3401 3399 3408 3422 3421 3405 3419 3427 3422 3416 3409 3428 3415 3425 3423 3407 3418 3408 3418 3407 3411 3424 3423 3421 3414 3413 3424 3423 3439 3423 3442 3432 3428 3421 3424 3420 3435 3432 3426 3429 3439 3436 3431 3440 3417 3449 3444 3434 3437 3447 3434 3442 3435 3459 3408 3446 3431 3467 3454 3451 3436 3470

Tree=0
num_leaves=31
num_cat=0
split_feature=37 20 33 3 20 23 7 2 3 11 18 18 3 2 5 20 3 18 15 3 10 10 11 5 16 16 37 3 3 16
split_gain=3130.8 724.995 259.03 222.907 149.496 103.315 51.0524 58.6023 43.6393 36.9973 33.8472 31.2245 33.412 29.7358 29.4176 20.1245 29.5615 29.5877 17.7909 17.2788 15.9728 15.6788 15.0735 13.5137 11.0385 10.605 9.73231 9.03898 8.29146 57.9309
threshold=0.44797892868518835 0.46428571641445165 4.5000000000000009 0.93582704663276683 0.46428571641445165 0.31845378875732427 0.63333335518836986 0.25723738968372351 0.71010184288024913 1.0000000180025095e-35 0.48684211075305944 0.87867647409439098 0.22048611193895343 0.86391696333885204 0.27842378616333013 0.81666666269302379 0.89323708415031444 0.97916665673255932 0.75140449404716503 0.82891985774040233 0.96362435817718517 0.85053193569183361 1.5000000000000002 0.072077922523021712 0.73481681942939769 0.70969352126121532 0.37046566605567938 0.96362435817718517 0.75615617632865917 0.21225529909133914
decision_type=2 2 2 2 2 2 2 2 2 2 2 2 2 2 2 2 2 2 2 2 2 2 2 2 2 2 2 2 2 2
left_child=2 3 4 9 8 13 7 21 24 19 -10 28 -13 -4 -3 16 17 -16 -5 25 -21 -6 -11 -9 -1 -2 -14 -20 -7 -30
right_child=1 14 5 18 6 11 -8 23 10 22 -12 12 26 -15 15 -17 -18 -19 27 20 -22 -23 -24 -25 -26 -27 -28 -29 29 -31
leaf_value=-1.3450913906226483 -1.2962871131789635 -1.1973183295809573 -1.2732714731127708 -1.2027774617723066 -1.1983108990702938 -1.3478465252820206 -1.0610499914199742 -1.3419853326517084 -1.3305211550498752 -1.3241225442953637 -1.1674022851723644 -1.1804446482622422 -1.3423128805831892 -1.0869658717129722 -1.1843528906265033 -1.0586885295016213 -1.055380892605881 -1.055380892605881 -1.1451005434028358 -1.1852302511572559 -1.3059550601888044 -1.0881356857539757 -1.2322567756055915 -1.2175171186889491 -1.2519096514944483 -1.2161771498783451 -1.246996432522234 -1.0589759308782329 -1.344789681380141 -1.1497146968723932
leaf_weight=29.512219280004501 15.773772373795511 4.5794823020696631 3.9010404795408231 3.3922091126441982 5.597145035862928 687.43117667734623 8.8197436928749067 6.1059764027595502 5.0883136689662924 36.466247960925102 8.4805227816104871 5.5971450358629253 12.720784172415735 4.7490927577018738 13.568836450576784 120.93225486576557 19.165981486439705 6.6148077696561804 3.9010404795408258 14.247278273105623 3.3922091126441947 7.63247050344944 5.0883136689662924 3.3922091126441956 3.5618195682764044 5.5971450358629218 3.3922091126441947 13.908057361841202 37.144689783453941 4.2402613908052436
leaf_count=174 93 27 23 20 33 4053 52 36 30 215 50 33 75 28 80 713 113 39 23 84 20 45 30 20 21 33 20 82 219 25
internal_value=-1.28636 -1.13714 -1.33387 -1.24208 -1.24722 -1.3428 -1.16315 -1.20278 -1.30408 -1.28004 -1.22857 -1.34478 -1.28569 -1.17099 -1.07236 -1.06879 -1.09985 -1.14208 -1.09783 -1.24507 -1.20845 -1.13475 -1.31287 -1.29753 -1.33506 -1.27531 -1.32225 -1.07784 -1.34654 -1.3248
internal_weight=1103.99 266.628 837.367 101.766 78.1904 759.176 31.5475 22.7278 46.6429 80.565 13.5688 750.526 21.7101 8.65013 164.861 160.282 39.3496 20.1836 21.2013 39.0104 17.6395 13.2296 41.5546 9.49819 33.074 21.3709 16.113 17.8091 728.816 41.385
internal_count=6509 1572 4937 600 461 4476 186 134 275 475 80 4425 128 51 972 945 232 119 125 230 104 78 245 56 195 126 95 105 4297 244
is_linear=0
shrinkage=1


Tree=1
num_leaves=31
num_cat=0
split_feature=37 20 33 3 20 15 3 11 4 2 5 16 20 8 17 15 37 20 3 15 11 22 37 9 16 33 3 15 3 37
split_gain=2672.58 559.475 209.449 176.151 106.224 71.7682 40.4624 33.02 32.8138 48.3546 28.4391 25.1508 25.0672 69.1826 23.7921 23.0399 17.7201 13.9699 20.6237 13.3515 13.1312 12.9066 12.6182 11.3025 10.403 6.99839 5.89685 22.2368 5.82507 3.92767
threshold=0.42982311546802526 0.46428571641445165 4.5000000000000009 0.93582704663276683 0.46428571641445165 1.0000000180025095e-35 0.71010184288024913 1.0000000180025095e-35 0.83795946836471569 0.25723738968372351 0.28708791732788091 0.3031544983386994 0.46428571641445165 0.65545505285263073 0.37268517911434179 0.83047896623611461 0.5204739272594453 0.81666666269302379 0.89323708415031444 0.9972972869873048 1.5000000000000002 1.0000000180025095e-35 0.30093111097812658 3.5000000000000004 0.73481681942939769 4.5000000000000009 0.90999102592468273 0.46894289553165441 0.98210361599922191 0.78791579604148876
decision_type=2 2 2 2 2 2 2 2 2 2 2 2 2 2 2 2 2 2 2 2 2 2 2 2 2 2 2 2 2 2
left_child=2 3 4 7 6 -4 24 16 9 23 -3 -5 26 15 -8 -14 25 18 19 -12 29 -18 -11 -6 -1 -2 -7 -28 -13 -9
right_child=1 10 5 11 8 12 14 20 -10 22 17 28 13 -15 -16 -17 21 -19 -20 -21 -22 -23 -24 -25 -26 -27 27 -29 -30 -31
leaf_value=-0.057767988843983265 0.045361298622861486 0.078302587635335319 0.11587856238000455 0.034011364520804666 0.1736506068781821 -0.061322243875588045 -0.00161977790307122 -0.042555187839322897 0.19566318713084313 -0.055333742897939665 0.10292120488607946 0.13648703101485518 -0.061197899446166028 0.15951832484340114 0.13701758339059797 -0.0060693333914320219 -0.020296160699441151 0.19165031756411199 0.19366061494375367 0.19365347049525866 0.046374510379047738 0.071592019535132695 0.063441907391606531 0.084693521983663811 0.032084973600753477 -0.036565443858567054 -0.063029726741436795 0.082655458641758675 0.19525089856006472 0.0089972473065377933
leaf_weight=28.529018372297287 3.6432888209819785 6.6166632771491996 6.0462656319141379 3.5361887514591244 7.69644039869309 620.49503581225872 7.1954294443130475 33.71223920583725 7.2285782992839804 6.1641176044940931 16.621016725897793 5.9189211577177057 55.511548355221748 4.4680730998516074 5.4300530254840851 28.77775876224041 4.5242426842451122 137.84338316321373 21.833832055330276 5.3628246784210196 5.4095732867717734 24.601829275488853 3.5089346915483475 6.661039873957634 3.6313501149415961 9.1614465117454511 11.315233290195463 3.4082155823707572 14.66784442961216 4.1494313627481452
leaf_count=174 21 37 33 20 41 3787 42 203 38 37 92 32 339 26 30 173 26 721 114 28 31 141 20 37 21 54 69 20 77 25
internal_value=-0.000166771 0.127884 -0.0474437 0.0379177 0.0315253 -0.0556697 -0.0178448 0.00414674 0.102259 0.0741627 0.180124 0.157196 -0.0571024 -0.0322127 0.0580063 -0.0423761 0.0357671 0.183833 0.15924 0.125055 -0.0264941 0.0573187 -0.0122474 0.13238 -0.0476223 -0.0132551 -0.0605802 -0.0293062 0.178356 -0.0369053
internal_weight=1103.67 297.603 806.067 109.325 76.045 730.022 44.7859 85.2021 31.2591 24.0305 188.278 24.123 723.976 88.7574 12.6255 84.2893 41.9308 181.661 43.8177 21.9838 43.2712 29.1261 9.67305 14.3575 32.1604 12.8047 635.218 14.7234 20.5868 37.8617
internal_count=6509 1622 4887 630 440 4447 267 501 173 135 992 129 4414 538 72 512 242 955 234 120 259 167 57 78 195 75 3876 89 109 228
is_linear=0
shrinkage=0.05


Tree=2
num_leaves=31
num_cat=0
split_feature=37 20 33 3 20 23 3 11 4 2 5 15 11 20 8 14 2 37 10 37 11 36 16 20 11 14 23 3 23 3
split_gain=2325.43 429.536 196.836 144.85 90.5075 82.3371 36.7281 31.3482 24.9178 39.5966 21.4583 21.0088 19.8802 19.7948 38.9626 24.5029 19.3939 17.4859 12.1298 11.4373 10.3513 10.2453 9.81849 9.7512 17.1989 9.01426 8.99065 7.69902 6.0467 5.63783
threshold=0.42982311546802526 0.46428571641445165 4.5000000000000009 0.92637759447097789 0.46428571641445165 0.31845378875732427 0.71010184288024913 1.0000000180025095e-35 0.83795946836471569 0.25723738968372351 0.27842378616333013 0.74256259202957164 1.0000000180025095e-35 0.46428571641445165 0.62715834379196178 0.88829472661018383 0.86391696333885204 0.5204739272594453 0.95916664600372326 0.30093111097812658 1.5000000000000002 1.0000000180025095e-35 0.73481681942939769 0.81666666269302379 1.0000000180025095e-35 0.4548176378011704 0.93777653574943554 0.77849927544593822 0.90508365631103527 0.96362435817718517
decision_type=2 2 2 2 2 2 2 2 2 2 2 2 2 2 2 2 2 2 2 2 2 2 2 2 2 2 2 2 2 2
left_child=2 3 4 7 6 16 22 17 9 26 -3 -5 25 -7 15 -15 -4 21 -19 -11 -9 -2 -1 24 27 -8 -6 -12 -26 -13
right_child=1 10 5 11 8 13 12 20 -10 19 23 29 -14 14 -16 -17 -18 18 -20 -21 -22 -23 -24 -25 28 -27 -28 -29 -30 -31
leaf_value=-0.056852658529703864 -0.046376066783209692 0.064994055728746114 0.0093821482879447443 0.026185965011142009 0.06483015769492953 -0.05987981577793542 0.047842278555287547 -0.037080479577676594 0.16978833762448753 -0.054343873132446235 0.10715052424776327 0.11156204122285691 -0.019269422511272647 -0.050454385295145392 0.10650601622047554 0.050186923081211234 0.15436149604625993 0.071403361676672744 -0.0077052951123888318 0.058214842866326805 0.03723345456839345 0.051242610653430082 0.029933833091751447 0.16644590391398273 0.12525936573907073 0.15736302733614801 0.14552208149118551 0.16963328577511505 0.05669613774828406 0.16727733651021096
leaf_weight=27.563461482524875 8.6160165518522245 6.0967885851860038 4.0412794649600965 3.8078628480434444 5.2607127577066448 610.81131055951118 3.5384612679481489 36.885707378387451 7.8942179679870597 5.967580631375311 5.959827631711959 6.1401636451482799 5.4599098414182663 74.657654970884323 4.6506538689136496 6.581031769514083 5.3742682933807373 22.988110899925235 6.1397354155778876 3.6295096129179001 5.3678404986858359 3.9064307510852805 3.69596242904663 150.77550195157528 6.4532317668199521 4.0056067854166031 10.040284141898153 28.534014582633972 6.4097214639186859 17.428178951144218
leaf_count=174 51 33 23 21 27 3865 20 227 38 37 30 32 31 467 26 39 27 127 35 20 30 23 21 724 33 21 51 139 33 84
internal_value=-0.000283737 0.114322 -0.0464541 0.0352885 0.0294263 -0.0547346 -0.0172153 0.0027036 0.0923836 0.0678416 0.157386 0.135156 0.0534001 -0.0567194 -0.0342441 -0.0423016 0.0921344 0.0334864 0.0547284 -0.0117755 -0.0276397 -0.0159235 -0.0465914 0.160229 0.140437 0.105994 0.117779 0.158838 0.0910937 0.152762
internal_weight=1098.68 315.509 783.172 111.28 77.0557 706.116 44.2634 83.9038 32.7923 24.8981 204.229 27.3762 13.004 696.701 85.8893 81.2387 9.41555 41.6503 29.1278 9.59709 42.2535 12.5224 31.2594 198.132 47.3568 7.54407 15.301 34.4938 12.863 23.5683
internal_count=6509 1622 4887 630 440 4447 267 493 173 135 992 137 72 4397 532 506 50 236 162 57 257 74 195 959 235 41 78 169 66 116
is_linear=0
shrinkage=0.05


Tree=3
num_leaves=31
num_cat=0
split_feature=37 20 18 3 3 18 23 3 7 11 5 15 10 37 20 33 7 23 11 3 20 36 20 11 14 3 23 3 10 15
split_gain=2049.91 343.575 192.288 121.644 97.7715 108.92 64.2062 42.4786 60.333 28.1797 16.964 16.7567 15.3804 15.1962 14.5766 30.8633 19.3256 11.1174 9.50392 9.45548 13.6002 9.31203 7.68166 13.4721 7.47493 5.94784 4.82677 4.4911 4.30827 2.70962
threshold=0.42982311546802526 0.46428571641445165 0.88562092185020458 0.92637759447097789 0.74833333492279064 0.48684211075305944 0.31845378875732427 0.22048611193895343 0.41428571939468389 1.0000000180025095e-35 0.27842378616333013 0.74256259202957164 0.85053193569183361 0.5204739272594453 0.46428571641445165 6.5000000000000009 0.41428571939468389 0.98830369114875805 1.5000000000000002 0.90098038315773021 0.46428571641445165 1.0000000180025095e-35 0.81666666269302379 1.0000000180025095e-35 0.92022728919982921 0.77849927544593822 0.90508365631103527 0.96362435817718517 0.60232558846473705 0.50133690237998974
decision_type=2 2 2 2 2 2 2 2 2 2 2 2 2 2 2 2 2 2 2 2 2 2 2 2 2 2 2 2 2 2
left_child=2 3 4 9 14 6 -6 12 24 13 -3 -5 -4 21 -1 16 -16 -15 28 20 -7 -2 23 25 -9 -12 -25 -13 -11 -8
right_child=1 10 7 11 5 19 29 8 -10 18 22 27 -14 17 15 -17 -18 -19 -20 -21 -22 -23 -24 26 -26 -27 -28 -29 -30 -31
leaf_value=-0.060070463970387747 -0.045281094696936267 0.059725588742413488 0.05814363826977207 0.024533190017963891 0.1140099543496965 0.050956404004399596 -0.06176334999099431 -0.05139732947014574 0.14853094132651068 0.01305893538562688 0.09710743712146358 0.10056073364090204 0.15161419703836454 0.063443531277962817 -0.012424656025164363 -0.055969492825603984 0.099208303271709708 -0.02119274542745176 0.034667192852360355 0.1728206074077665 0.16610867362389617 0.047278511114839605 0.1483448851421714 0.11248168536933204 0.02815481355501135 0.15069172616387899 0.052444049871862589 0.14895860932234303 -0.042117242309853364 -0.027627902507106464
leaf_weight=575.2411483079195 8.3889609724283201 6.2973915934562674 7.2110201865434673 3.8597874641418484 6.5053304135799399 7.1841688901186007 32.14963972568512 13.499341383576398 6.1346933841705313 3.9760447442531577 6.2396077662706366 6.4622993022203472 11.294241473078726 25.376094296574596 16.391371786594394 59.40115861594677 5.0780052691698065 4.5802956968545905 5.4740836918354026 5.3639937192201605 3.9872523993253708 4.0192122012376776 160.43756169080734 6.8167678266763669 3.7796238809823981 30.45935046672821 6.5783668756484985 18.56043453514576 32.101463258266449 7.096787065267562
leaf_count=3776 51 33 39 21 32 38 209 85 30 25 30 32 57 136 98 384 27 26 30 27 19 23 724 33 22 139 33 84 202 44
internal_value=-0.000369681 0.103771 -0.0455188 0.0329968 -0.0515928 0.0082736 -0.0314757 0.0585754 0.0138285 0.00253479 0.140589 0.121502 0.115191 0.0312299 -0.0572761 -0.0373996 0.0139791 0.0505027 -0.0267217 0.118256 0.092056 -0.0152995 0.143008 0.125916 -0.033996 0.141581 0.0829971 0.13646 -0.0360364 -0.0555908
internal_weight=1089.95 329.628 760.318 112.799 718.399 62.2872 45.7518 41.9189 23.4137 83.9162 216.829 28.8825 18.5053 42.3646 656.112 80.8705 21.4694 29.9564 41.5516 16.5354 11.1714 12.4082 210.532 50.0941 17.279 36.699 13.3951 25.0227 36.0775 39.2464
internal_count=6509 1622 4887 630 4654 369 285 233 137 493 992 137 96 236 4285 509 125 162 257 84 57 74 959 235 107 169 66 116 227 253
is_linear=0
shrinkage=0.05


Tree=4
num_leaves=31
num_cat=0
split_feature=33 20 38 3 23 3 20 6 18 15 2 9 3 5 11 8 16 3 15 9 20 6 20 15 9 20 11 15 9 20
split_gain=1603.72 324.442 274.971 138.345 79.7162 54.1714 48.0043 47.9996 33.8248 31.8906 23.5415 23.4255 23.3016 19.778 20.8977 18.6644 18.2529 16.9102 53.9815 12.3464 8.3167 7.84846 7.30102 6.62019 6.52244 5.14169 9.36843 7.81548 4.74596 3.10814
threshold=4.5000000000000009 0.46428571641445165 0.63785898685455333 0.91331186890602123 0.4451137930154801 0.82009246945381176 0.46428571641445165 0.26136364042758947 0.88562092185020458 0.98162323236465465 0.84680575132370006 7.5000000000000009 0.22048611193895343 0.31866537034511572 1.0000000180025095e-35 0.53001201152801525 0.84150716662406932 0.90098038315773021 0.59951692819595348 1.0000000180025095e-35 0.93750000000000011 0.6904762089252473 0.93750000000000011 0.70849737524986278 2.5000000000000004 0.81666666269302379 1.0000000180025095e-35 0.95538970828056347 3.5000000000000004 0.15476191043853763
decision_type=2 2 2 2 2 2 2 2 2 2 2 2 2 2 2 2 2 2 2 2 2 2 2 2 2 2 2 2 2 2
left_child=1 3 4 9 5 29 10 11 17 13 24 20 -10 -1 -15 -14 -13 22 -19 -5 -3 -12 -6 -7 -4 26 -9 -28 -22 -2
right_child=2 7 6 19 8 23 -8 25 12 -11 21 16 15 14 -16 -17 -18 18 -20 -21 28 -23 -24 -25 -26 -27 27 -29 -30 -31
leaf_value=-0.049956358018438493 -0.055218839082926199 0.052363057265590478 0.042601054072123945 0.13221850159299525 -0.05855179580065565 0.087823808258079006 0.12825420581437369 0.12924757258453876 0.094302822841461992 0.13860399478582761 0.14487435085166567 -0.034059258965804182 -0.048796851867280389 0.035157555459633581 -0.026885604470068034 0.076207685464851252 0.099078262366049649 -0.055660861347637806 0.13557651423427083 0.057900590608874161 0.14238121508288673 0.048070502458491447 -0.033782658284938115 0.1656848891327859 -0.03467429924493258 0.13575027353373881 0.026094231005705848 0.1140338150753538 0.083043548753688134 0.0050306354423533955
leaf_weight=29.816299915313721 7.7547203004360217 6.8336210548877725 3.7035192549228695 22.276249751448635 586.1832445114851 7.1919324398040754 22.640521004796028 32.6848434060812 5.593379199504855 3.4182716608047476 3.7652844935655576 7.8770366162061674 14.215583696961405 24.376864790916443 30.621024191379547 3.7801441699266425 3.8241782933473587 15.943908721208574 4.8013550639152518 7.4599678069353095 8.731540232896803 4.7167112231254578 31.341725513339043 4.4004408121109009 10.395242810249327 155.11542405188084 4.6026635468006116 5.6012333184480667 5.4876600354909906 2.9567786455154419
leaf_count=196 51 33 21 100 3986 35 100 144 30 19 20 45 89 129 191 20 19 104 23 38 40 25 202 21 63 671 22 26 27 19
internal_value=-0.000437754 0.0877561 -0.0426042 0.0203046 -0.0504969 0.0424759 0.0768067 0.122239 -0.05363 -0.0111293 0.025223 0.0661707 0.00516644 -0.017164 0.000613955 -0.0225387 0.0094526 -0.055803 -0.0114002 0.113574 0.0976948 0.0910432 -0.0572947 0.11738 -0.0143753 0.131514 0.116191 0.074367 0.119481 -0.0385877
internal_weight=1078.11 348.727 729.384 117.969 684.163 22.3039 45.2213 230.758 661.859 88.2325 22.5808 32.754 23.5891 84.8142 54.9979 17.9957 11.7012 638.27 20.7453 29.7362 21.0528 8.482 617.525 11.5924 14.0988 198.004 42.8887 10.2039 14.2192 10.7115
internal_count=6509 1700 4809 673 4580 126 229 1027 4454 535 129 164 139 516 320 109 64 4315 127 138 100 45 4188 56 84 863 192 48 67 70
is_linear=0
shrinkage=0.05


Tree=5
num_leaves=31
num_cat=0
split_feature=37 21 33 3 23 15 4 2 3 27 9 17 17 15 6 17 16 23 3 2 23 5 16 37 33 17 38 6 16 24
split_gain=1637.58 181.62 165.884 74.7245 65.0588 54.2022 42.4893 24.7932 24.5115 26.8243 21.9724 21.9074 21.5071 21.0396 24.7155 18.3662 17.3427 17.2754 12.7198 12.2741 11.3799 19.6437 11.3056 8.3666 6.81453 5.19321 4.68544 4.55048 3.31804 3.25061
threshold=0.42982311546802526 1.0000000180025095e-35 4.5000000000000009 0.93582704663276683 0.31845378875732427 0.98162323236465465 0.8029850721359254 0.25158227980136877 0.89022758603096019 1.0000000180025095e-35 4.5000000000000009 0.28348214924335485 0.62202382087707531 0.9972972869873048 0.84523808956146251 0.78759399056434642 0.68217894434928905 0.97315317392349254 0.23845060169696811 0.86391696333885204 0.46228787302970892 0.30583900213241583 0.33913438022136694 0.57159194350242626 6.5000000000000009 0.45643940567970281 0.48528139293193823 0.84523808956146251 0.84668803215026867 1.5000000000000002
decision_type=2 2 2 2 2 2 2 2 2 2 2 2 2 2 2 2 2 2 2 2 2 2 2 2 2 2 2 2 2 2
left_child=2 3 5 10 19 6 7 12 9 25 16 -8 -1 14 -11 20 23 -18 -17 -4 21 -6 -5 -2 -22 -3 -9 -12 -7 -27
right_child=1 8 4 22 15 28 11 26 -10 13 27 -13 -14 -15 -16 18 17 -19 -20 -21 24 -23 -24 -25 -26 29 -28 -29 -30 -31
leaf_value=-0.044798878989574131 -0.024970800549083107 0.073737239611799107 0.0057921138924459468 0.024307856055989677 -0.049700136691139624 0.078054800257750426 -0.030839252442413798 -0.059362925712356178 0.12481529312366713 0.029075565031147062 -0.034644916102127922 0.093326181442861589 0.080864958537800333 0.11730626550857026 0.12246159511811597 0.08292861712636182 0.13027611587338758 -0.001146545425043777 -0.034884567734819349 0.11703164967565634 -0.042226320528889076 0.082942192070293366 0.11813399603780171 0.031888059829343014 -0.05833648849216394 0.11634204049499706 -0.0073774685789833386 0.023370507420336611 0.12753987895992852 0.15053111040054104
leaf_weight=5.6586719751358023 11.605058848857881 6.3887295871973029 4.146639943122862 3.7945208400487926 9.1880825161933881 5.1754322797060004 4.6129643917083767 23.641504630446438 135.49432645738125 31.784293875098228 28.493136182427406 15.452468559145926 8.5487444400787336 16.141428247094154 9.1174929589033109 3.9837262332439405 6.8200545012950879 3.9480092376470566 5.3919244855642319 6.1688732355833054 74.93301172554493 4.0092085897922507 20.863409757614136 14.621121138334273 529.34922508895397 47.686535030603409 5.3074279129505149 3.8348507285118094 9.8051749467849714 8.1389202326536161
leaf_count=37 70 31 23 20 64 24 28 158 569 156 179 73 43 69 39 21 36 23 34 27 517 23 89 78 3738 206 33 20 44 37
internal_value=-0.000489482 0.0883485 -0.0437965 0.0289403 -0.0522315 0.02493 0.00466717 -0.0232826 0.110265 0.0937332 0.00234983 0.064781 0.0308143 0.0689684 0.0498924 -0.0542811 0.0286643 0.0820912 0.0151744 0.0723155 -0.0553357 -0.00940469 0.103695 0.00672807 -0.0563388 0.11644 -0.049832 -0.0277629 0.110444 0.121327
internal_weight=1064.1 348.732 715.373 93.9802 637.171 78.2024 63.2218 43.1563 254.752 119.257 69.3222 20.0654 14.2074 57.0432 40.9018 626.855 36.9942 10.7681 9.37565 10.3155 617.48 13.1973 24.6579 26.2262 604.282 62.2142 28.9489 32.328 14.9806 55.8255
internal_count=6509 1622 4887 515 4447 440 372 271 1107 538 406 101 80 264 195 4397 207 59 55 50 4342 87 109 148 4255 274 191 199 68 243
is_linear=0
shrinkage=0.05


Tree=6
num_leaves=31
num_cat=0
split_feature=37 20 18 3 18 3 24 33 9 10 16 20 6 15 5 16 2 36 9 6 10 11 20 3 18 34 10 3 3 16
split_gain=1475.89 213.256 158.092 87.3675 80.4838 80.3418 50.2685 27.0767 21.6838 15.5849 15.7051 14.6117 29.8969 15.061 11.7898 10.0679 9.52753 9.36808 11.6588 7.94186 6.7978 5.83256 5.63058 9.33904 12.7655 4.81541 4.02415 3.087 2.33846 2.22573
threshold=0.42982311546802526 0.46428571641445165 0.88562092185020458 0.74833333492279064 0.48684211075305944 0.93582704663276683 4.5000000000000009 5.5000000000000009 4.5000000000000009 0.95916664600372326 0.68217894434928905 0.46428571641445165 0.44949495792388922 0.83047896623611461 0.28708791732788091 0.3031544983386994 0.25723738968372351 1.0000000180025095e-35 9.5000000000000018 0.84523808956146251 0.63525497913360607 1.0000000180025095e-35 0.81666666269302379 0.89323708415031444 0.97916665673255932 0.29166667163372045 0.9891304373741151 0.98210361599922191 0.23845060169696811 0.17799780517816546
decision_type=2 2 2 2 2 2 2 2 2 2 2 2 2 2 2 2 2 2 2 2 2 2 2 2 2 2 2 2 2 2
left_child=2 5 3 11 6 8 29 17 9 10 -2 -1 13 -13 -3 -7 -9 18 25 20 -10 -6 23 24 -16 -4 -11 -17 -19 -5
right_child=1 14 7 4 21 15 -8 16 19 26 -12 12 -14 -15 22 27 -18 28 -20 -21 -22 -23 -24 -25 -26 -27 -28 -29 -30 -31
leaf_value=-0.058069319958323942 0.020143376569697006 0.048993940958464315 0.037111124576887221 -0.058926109195500599 0.11456789452837213 0.021798564139295075 0.085646524427741344 0.055800649359076263 0.011542918482794328 -0.055782090678128109 0.093402254998684098 -0.056395151761538802 0.10608213169852057 -0.0059353758777387321 0.052269034933178193 0.081097426601394948 -0.039594664058548605 0.13091002837060958 -0.025724050448845973 0.034825341831177394 -0.044513916456323202 0.051735026352214324 0.1157900160277547 0.11782217382296721 0.12485133777278518 0.092970416925508864 0.0023407143657895022 0.11913525409462644 0.082706804668501943 -0.015288876321088107
leaf_weight=514.08542054891586 24.31553852558136 7.8170503228902808 6.1108637601137223 31.858861908316612 12.840960472822191 3.8594451397657421 7.7684462219476691 3.6743521690368643 6.718182459473609 5.418414965271948 10.464050844311712 50.18977153301239 3.6040767431259146 20.964800253510475 18.060126334428787 7.4580282717943218 9.0987734347581846 6.5499884635210055 3.7055206298828116 4.8385134786367408 27.735297739505768 5.1846226900815955 176.10900285840034 27.831364095211029 9.1152974665164965 10.466100364923475 6.6118946820497513 18.727892190217972 4.0853531211614609 3.217201054096221
leaf_count=3776 136 37 33 227 59 20 37 20 42 31 54 357 18 134 82 32 61 30 22 25 176 25 721 114 38 47 37 77 20 21
internal_value=-0.00052889 0.0823696 -0.0429797 -0.0491708 0.00785645 0.0267931 -0.0294359 0.0490859 0.00222797 0.0252167 0.0421846 -0.0550658 -0.0344116 -0.0415278 0.109386 0.09719 -0.012153 0.0743857 0.0544557 -0.0251592 -0.0335832 0.0964955 0.111428 0.0974642 0.0766149 0.0723787 -0.0238376 0.108302 0.112394 -0.0549237
internal_weight=1048.49 355.08 693.405 649.714 60.8701 116.147 42.8445 43.691 86.1019 46.8099 34.7796 588.844 74.7586 71.1546 238.933 30.0454 12.7731 30.9178 20.2825 39.292 34.4535 18.0256 231.116 55.0068 27.1754 16.577 12.0303 26.1859 10.6353 35.0761
internal_count=6509 1622 4887 4654 369 630 285 233 501 258 190 4285 509 491 992 129 81 152 102 243 218 84 955 234 120 80 68 109 50 248
is_linear=0
shrinkage=0.05


Tree=7
num_leaves=31
num_cat=0
split_feature=39 20 18 2 4 15 24 18 2 4 9 4 5 2 2 20 16 9 33 6 18 38 10 20 2 18 33 17 16 8
split_gain=1309.68 231.065 137.944 81.1692 64.5982 63.7004 48.2155 34.9723 28.0456 46.2303 20.1502 17.4212 17.0473 10.3123 7.88414 7.53932 18.272 17.4938 7.28006 7.26087 5.82586 5.74762 5.40173 4.54909 7.35978 10.2722 4.34287 3.99817 2.98007 2.90031
threshold=0.61892437934875499 0.46428571641445165 0.88562092185020458 0.93643954396247875 0.83795946836471569 0.73357313871383678 4.5000000000000009 0.94868421554565441 0.25723738968372351 0.68801230192184459 4.5000000000000009 0.96051946282386791 0.27842378616333013 0.080540537834167494 0.87226107716560375 0.46428571641445165 0.54261502623558056 4.5000000000000009 4.5000000000000009 0.84523808956146251 0.48684211075305944 0.5616934895515443 0.85053193569183361 0.81666666269302379 0.8841681480407716 0.97916665673255932 2.5000000000000004 0.37268517911434179 0.82988837361335765 0.56635218858718883
decision_type=2 2 2 2 2 2 2 2 2 2 2 2 2 2 2 2 2 2 2 2 2 2 2 2 2 2 2 2 2 2
left_child=2 3 4 7 15 6 20 10 13 28 11 -2 18 -4 -8 -1 29 -18 -3 -12 -6 -5 -15 24 25 -14 -7 -28 -10 -17
right_child=1 12 8 21 5 26 14 -9 9 -11 19 -13 23 22 -16 16 17 -19 -20 -21 -22 -23 -24 -25 -26 -27 27 -29 -30 -31
leaf_value=-0.057400806505901458 -0.0020270561358224437 0.076072280365746342 0.012824696541324091 0.050856317987060043 -0.056108927265506016 0.05202889099852951 0.021869096821333495 0.14733461870440498 -0.060983686625112693 0.12650025498323647 -0.039009467940640877 0.065091595337794711 0.053890850628781677 0.062456189564955238 0.11598904220801481 -0.055762905841283766 0.08354755885352172 -0.032602172396232747 -0.017787516199512288 0.02674212026888494 0.007993881662585375 0.10710599996002844 0.11784905590335937 0.10811410950972121 0.11102264350776997 0.11545821513826954 0.076424124331262513 0.14188967376679099 -0.0083444170442933552 -0.010899749351905855
leaf_weight=475.8696513324976 41.70393417775631 4.3317831605672819 4.5272000879049328 5.7267459034919765 39.132619857788086 4.5258745104074469 3.8506254106760007 3.8205981105566016 10.594122245907785 5.2111325562000266 39.322934657335281 12.585498407483099 19.79609303176403 7.0742738842964199 5.2704006135463715 50.835747808218002 5.2605243325233451 8.4477287679910642 3.9495819956064224 4.700624853372573 3.8974348753690711 21.94041995704174 11.647342085838316 182.8564223498106 26.702014222741127 10.299786239862444 4.3330990970134717 5.0508049428462982 3.6031908839941016 3.8772741705179206
leaf_count=3636 243 20 21 26 289 20 21 18 73 22 259 61 88 35 22 376 29 55 21 24 23 92 52 740 108 42 22 24 22 25
internal_value=-0.0005614 0.0735425 -0.0434272 0.0194953 -0.0495025 -0.00281148 -0.0281685 -0.0010837 0.0435001 -0.000872072 -0.00685147 0.0135325 0.101838 0.0805426 0.0762544 -0.0551694 -0.0396503 0.0119701 0.0313083 -0.0319888 -0.0503028 0.095463 0.0969179 0.104275 0.0919145 0.0749612 0.0922579 0.11166 -0.0476242 -0.0525836
internal_weight=1030.75 377.736 653.009 129.801 610.352 66.0609 52.1511 102.134 42.6573 19.4084 98.313 54.2894 247.936 23.2488 9.12103 544.291 68.4213 13.7083 8.28137 44.0236 43.0301 27.6672 18.7216 239.654 56.7979 30.0959 13.9098 9.3839 14.1973 54.713
internal_count=6509 1742 4767 723 4542 421 355 605 225 117 587 304 1019 108 43 4121 485 84 41 283 312 118 87 978 238 130 66 46 95 401
is_linear=0
shrinkage=0.05


Tree=8
num_leaves=31
num_cat=0
split_feature=37 33 21 23 3 18 4 18 3 3 26 18 18 37 11 23 36 18 16 8 5 3 15 8 38 15 11 16 4 36
split_gain=1218.99 141.563 121.083 53.7099 50.9613 43.1234 39.2289 25.7111 19.326 17.7498 20.2354 17.2908 17.0505 15.2033 12.0351 11.8895 9.8982 8.88373 8.43834 8.22809 8.01018 7.78608 37.38 7.37329 7.01167 8.45999 5.46642 5.26338 6.95653 10.6438
threshold=0.42982311546802526 4.5000000000000009 1.0000000180025095e-35 0.31845378875732427 0.93582704663276683 0.87083333730697643 0.77058029174804699 0.88562092185020458 0.22048611193895343 0.89022758603096019 1.0000000180025095e-35 0.87083333730697643 0.48684211075305944 0.77254799008369457 1.0000000180025095e-35 0.96946388483047496 1.0000000180025095e-35 0.79285714030265819 0.33913438022136694 0.86391696333885204 0.39791667461395269 0.75615617632865917 0.58629718422889721 0.42588071525096899 0.22401433438062671 0.87655842304229747 1.0000000180025095e-35 0.84668803215026867 0.7103942632675172 1.0000000180025095e-35
decision_type=2 2 2 2 2 2 2 2 2 2 2 2 2 2 2 2 2 2 2 2 2 2 2 2 2 2 2 2 2 2
left_child=1 5 4 19 13 6 24 21 -9 10 11 26 -8 14 16 -15 -2 -12 -6 -3 -13 -5 -23 -10 25 -1 -4 28 29 -7
right_child=2 3 9 7 18 27 12 8 23 -11 17 20 -14 15 -16 -17 -18 -19 -20 -21 -22 22 -24 -25 -26 -27 -28 -29 -30 -31
leaf_value=-0.06045095540179251 -0.010518665275231513 0.0055084026037052264 0.045874389677546291 -0.055703477809928875 0.017363793627022339 -0.015976542239222527 -0.03900932261094818 0.074856760782638768 -0.050818480528109194 0.10248447547732238 0.056117635290497209 0.033392593197106524 0.072992530758558702 0.10764760083188617 -0.03184540387572412 -0.0090152372142257332 0.044965996342304644 0.10437035497592691 0.096455518984620736 0.095721787846995934 0.085460358905872391 -0.055278669427202734 0.085483612481615789 0.040759066958594645 -0.053839394245804861 0.047535764145183824 -0.0096057753699778509 0.099481142931525782 0.10550747164237365 0.085323495541174646
leaf_weight=3.1409027874469784 18.770433753728867 4.1073646098375303 7.8874000906944302 510.41584694385529 3.9840233176946667 5.5045786201953906 4.3171902447938946 6.4788468182086971 10.125995010137556 141.51608370244503 11.596985161304472 9.6338810175657255 15.959886610507963 5.5873317867517454 26.95254684984684 3.5853457897901535 14.058147385716437 53.745711654424667 21.965954050421715 6.5712833553552628 31.665562957525253 26.73964811861515 5.7263809293508521 2.8073500096797934 23.393128514289856 4.2923161387443542 10.15755572915077 11.378767713904379 4.6130993962287894 4.9026189297437668
leaf_count=23 105 23 36 4041 20 30 28 31 71 569 54 44 73 28 180 21 72 220 89 27 133 208 29 17 172 24 51 48 19 23
internal_value=-0.000587989 -0.0414832 0.0730781 -0.0500619 0.0245874 0.0219385 -0.00486782 -0.0521715 0.00436956 0.0903654 0.0766107 0.0554746 0.0491462 0.00211046 -0.00708612 0.0620473 0.0132415 0.0958065 0.0843128 0.0610227 0.0733146 -0.0541933 -0.0304509 -0.0309404 -0.0403974 0.00190603 0.0146445 0.0738304 0.0543985 0.0317438
internal_weight=1011.58 650.475 361.107 572.973 94.9038 77.5025 51.1034 562.294 19.4122 266.203 124.687 59.3444 20.2771 68.9538 59.7811 9.17268 32.8286 65.3427 25.95 10.6786 41.2994 542.882 32.466 12.9333 30.8263 7.43322 18.045 26.3991 15.0203 10.4072
internal_count=6509 4887 1622 4447 515 440 320 4397 119 1107 538 264 101 406 357 49 177 274 109 50 177 4278 237 88 219 47 87 120 72 53
is_linear=0
shrinkage=0.05


Tree=9
num_leaves=31
num_cat=0
split_feature=37 20 33 2 23 20 5 18 18 9 5 16 2 18 5 17 17 16 26 7 38 6 2 20 8 20 2 18 23 2
split_gain=1112.04 151.469 133.768 56.0643 51.4922 41.8088 33.7585 22.5565 18.8744 17.4841 16.9652 23.3512 16.3225 11.8685 9.13892 7.3254 7.28188 7.16814 6.61717 20.757 6.00979 5.96387 5.33864 5.20551 17.9213 4.77085 7.16742 9.5253 3.10019 2.74954
threshold=0.42982311546802526 0.46428571641445165 4.5000000000000009 0.93643954396247875 0.46228787302970892 0.93750000000000011 0.30583900213241583 0.94868421554565441 0.88562092185020458 4.5000000000000009 0.32683658599853521 0.85426780581474315 0.25723738968372351 0.48684211075305944 0.28708791732788091 0.11437908560037614 0.2981481552124024 0.36127844452857977 1.0000000180025095e-35 0.73214286565780651 0.4490660578012467 0.84523808956146251 0.18321678787469867 0.46428571641445165 0.64218327403068554 0.81666666269302379 0.8841681480407716 0.97916665673255932 0.90818965435028087 0.99450549483299266
decision_type=2 2 2 2 2 2 2 2 2 2 2 2 2 2 2 2 2 2 2 2 2 2 2 2 2 2 2 2 2 2
left_child=2 3 5 7 6 10 -4 9 23 17 11 22 -10 -12 -3 -8 -5 -2 -7 -20 -15 -11 -1 -6 -25 26 27 -16 -18 -30
right_child=1 14 4 16 8 18 15 -9 12 21 13 -13 -14 20 25 -17 28 -19 19 -21 -22 -23 -24 24 -26 -27 -28 -29 29 -31
leaf_value=-0.0072195184000031394 -0.032379730990557153 0.039578318872494259 -0.048551335682047253 0.021358175976614022 -0.056157532212136041 0.098559093917879981 0.046707514960306756 0.12456685883264978 0.053470548424485488 -0.036457448798145567 -0.038122965038854567 0.085180061749271882 -0.042148232940138503 0.0073732667891908618 0.043518882263708474 0.12318152692036773 0.10836652768691318 0.024781417828610514 -0.023967420457460639 0.10394916645465416 0.079386119143129014 0.02322897533209296 -0.054782795710278942 -0.046932336963443261 0.075342499383594719 0.097299355191313192 0.099390617625012792 0.10299577659840436 0.048297315193757184 0.099454454173713278
leaf_weight=8.1563901156187075 6.3167793303728095 8.1859148293733579 9.4536194577813166 4.1225298494100597 453.43146250396967 12.77108097076416 8.5737615972757322 3.635493040084838 7.5748067498207119 31.850403681397438 4.3006551712751415 4.1406797319650641 10.864725068211554 4.1886331588029853 19.698658689856529 4.9332241266965857 14.214190483093263 41.631604120135307 5.6554808020591736 7.2203112244606018 9.396834194660185 4.8183462023735038 21.322825811803341 54.376502811908722 3.1714252829551688 180.14055098593235 26.954226851463318 10.226319342851641 5.5346834510564786 4.9988363236188889
leaf_count=49 38 37 74 20 3749 55 40 16 37 213 29 18 78 20 85 23 58 218 33 29 43 24 164 428 18 721 108 41 23 20
internal_value=-0.000608365 0.0691767 -0.0407733 0.0224005 -0.0493871 0.0208976 0.0239173 0.00261474 -0.0525662 -0.00262482 -0.00507509 -0.0260056 -0.00286883 0.0342673 0.0915194 0.0746385 0.0828832 0.0172509 0.0730578 0.0477639 0.0571833 -0.0286145 -0.0416229 -0.0543597 -0.0401939 0.0933133 0.080689 0.063844 0.0931322 0.0725747
internal_weight=991.861 362.329 629.532 117.123 552.38 77.1529 22.9606 88.2526 529.419 84.6171 51.506 33.6199 18.4395 17.8861 245.206 13.507 28.8702 47.9484 25.6469 12.8758 13.5855 36.6687 29.4792 510.979 57.5479 237.02 56.8792 29.925 24.7477 10.5335
internal_count=6509 1622 4887 630 4447 440 137 509 4310 493 323 231 115 92 992 63 121 256 117 62 63 237 213 4195 446 955 234 126 101 43
is_linear=0
shrinkage=0.05


Tree=10
num_leaves=31
num_cat=0
split_feature=37 20 33 2 23 20 5 4 11 17 15 11 4 16 4 14 16 9 15 4 33 10 17 37 17 9 11 20 9 6
split_gain=1018.07 137.017 126.418 50.4119 48.8882 37.6081 30.2187 19.6181 17.9694 15.6572 14.7068 10.0496 9.18178 17.7173 8.93308 8.79823 8.54949 8.50787 8.04483 7.32115 7.3165 18.6745 7.02313 6.67888 6.18079 5.78165 4.76492 3.30572 7.31538 5.20844
threshold=0.42982311546802526 0.46428571641445165 4.5000000000000009 0.93957647681236278 0.46228787302970892 0.46428571641445165 0.30583900213241583 0.77058029174804699 1.0000000180025095e-35 0.78759399056434642 0.9765610694885255 1.0000000180025095e-35 0.83795946836471569 0.56903558969497692 0.77913278341293346 0.92907443642616283 0.73481681942939769 7.5000000000000009 0.9972972869873048 0.62593284249305736 6.5000000000000009 0.96225070953369152 0.2981481552124024 0.551892250776291 0.11437908560037614 2.5000000000000004 1.5000000000000002 0.81666666269302379 4.5000000000000009 0.84523808956146251
decision_type=2 2 2 2 2 2 2 2 2 2 2 2 2 2 2 2 2 2 2 2 2 2 2 2 2 2 2 2 2 2
left_child=2 3 5 8 6 7 -4 16 10 20 15 -9 13 -7 23 -2 -1 -15 -11 -10 21 -6 -5 25 -8 -3 -21 28 -16 -30
right_child=1 14 4 22 9 12 24 11 19 18 -12 -13 -14 17 27 -17 -18 -19 -20 26 -22 -23 -24 -25 -26 -27 -28 -29 29 -31
leaf_value=-0.055929799522736516 0.021267686940851706 0.066831525204399542 -0.047758441591084506 0.020135242243769495 -0.046468813538905217 -0.051440268779328127 0.043848820457359362 0.063303739299842912 0.052100170272124185 0.064988280692719669 0.11011478885384199 -0.016531518515011719 0.098570181312403707 0.079530612816631735 0.09007456041226064 -0.055401050062691526 0.027455391775521851 0.014711939236438185 -0.028324807993258056 -0.035116614716820704 -0.055456843817764105 0.042690051460844314 0.090634699680643777 0.082474577636128588 0.11324043894266989 -0.0070930576158403638 0.023219885478618342 0.09356092385931343 0.024924461375057379 0.090200717170522401
leaf_weight=19.881446652114395 41.647978082299232 5.0664126276969927 9.138083294034006 4.1534479707479504 57.400254152715206 4.3207576647400883 8.6734041273593885 9.0858444422483462 3.03602011501789 4.0628249570727331 4.3970171213150016 6.9625052139163008 9.4849601686000806 15.833605915308 39.764394149184227 4.1113510429859152 3.6362042576074591 7.4418020546436301 5.3531385883688927 32.077906563878059 436.20885193347931 6.5424058735370627 23.634591057896614 12.220450729131697 5.0935073345899573 5.5339232087135315 3.9291254431009284 168.75938469171524 8.8403823077678663 4.670280694961547
leaf_count=163 215 21 74 20 472 28 40 42 19 22 19 41 38 68 161 22 21 39 33 217 3738 45 96 50 23 25 22 678 38 19
internal_value=-0.000623741 0.0658041 -0.0400846 0.0212916 -0.0487268 0.0199531 0.0227325 -0.013953 0.00297203 -0.0519389 0.022772 0.0286676 0.0561313 0.0415449 0.0870713 0.0143792 -0.0430371 0.0588063 0.0119382 -0.0224638 -0.0531415 -0.0373464 0.0800972 0.057282 0.0695225 0.0282391 -0.0287509 0.0901331 0.0792747 0.0474887
internal_weight=970.962 361.843 609.12 116.987 532.472 76.6471 22.905 39.566 89.1994 509.567 50.1563 16.0483 37.0811 27.5962 244.855 45.7593 23.5177 23.2754 9.41596 39.0431 500.152 63.9427 27.788 22.8208 13.7669 10.6003 36.007 222.034 53.2751 13.5107
internal_count=6509 1622 4887 630 4447 440 137 267 514 4310 256 83 173 135 992 237 184 107 55 258 4255 517 116 96 63 46 239 896 218 57
is_linear=0
shrinkage=0.05


Tree=11
num_leaves=31
num_cat=0
split_feature=39 20 33 3 23 20 17 3 6 20 10 14 6 5 16 17 9 7 2 16 15 2 26 24 33 3 3 15 20 3
split_gain=920.007 157.967 97.9478 57.5796 45.3079 30.3522 19.9408 18.2087 19.636 16.6811 19.3801 18.8212 14.1012 13.8806 10.4686 8.19392 7.79667 10.2289 9.67164 7.35463 7.19818 6.77501 6.07809 9.19919 5.79163 4.38986 4.06466 16.8798 3.91041 6.9437
threshold=0.61511540412902843 0.46428571641445165 4.5000000000000009 0.84680575132370006 0.31845378875732427 0.46428571641445165 0.24621212482452395 0.96362435817718517 0.64583334326744091 0.35416667163372045 0.96225070953369152 0.88829472661018383 0.44949495792388922 0.27842378616333013 0.72128984332084667 0.37268517911434179 2.5000000000000004 0.63333335518836986 0.25723738968372351 0.73481681942939769 0.93721845746040355 0.86391696333885204 1.0000000180025095e-35 1.5000000000000002 4.5000000000000009 0.71516755223274242 0.90999102592468273 0.50133690237998974 0.81666666269302379 0.89323708415031444
decision_type=2 2 2 2 2 2 2 2 2 2 2 2 2 2 2 2 2 2 2 2 2 2 2 2 2 2 2 2 2 2
left_child=2 3 5 14 21 12 -5 8 -8 26 11 -11 19 24 22 -14 -7 18 -18 -1 -16 -4 -2 -24 -3 -22 -6 -28 29 -15
right_child=1 13 4 6 9 16 7 -9 -10 10 -12 -13 15 28 20 -17 17 -19 -20 -21 25 -23 23 -25 -26 -27 27 -29 -30 -31
leaf_value=-0.051221411155855157 -0.048837647723149316 0.059754503770354739 0.0022751765770389083 -0.04635229244849861 -0.055367687868822138 0.081710712699791327 0.098164317174380969 0.092788218085378182 0.014367637107454121 -0.045581462295490954 0.058684501905178189 0.043007156804540342 -0.01304391538810918 0.056881347742440372 0.083209709124997089 0.073180841111144077 0.045193400575482344 0.093844122647236516 -0.03409234103849066 0.025734417477637408 0.03631292131771522 0.083544027393032072 -0.028204176552128105 0.032484925549094538 -0.021406069337888699 -0.034731427472366717 -0.05780300338038992 0.090140503728301347 0.088567919815685389 0.091430866089301926
leaf_weight=19.739877402782444 19.762908838689327 4.6141313612461072 4.154249355196951 5.0646468326449385 409.94017646461725 12.186203718185423 9.354283541440962 22.226365819573402 27.671497657895088 56.178350657224655 5.8950539156794539 6.7119019925594321 5.5893843099474889 29.890643447637558 3.6511202603578559 5.4339759647846222 9.070841461420061 4.9705965369939795 6.6781205683946601 3.6841250061988822 4.2044053077697736 6.7013750225305557 27.016034625470638 8.1210480928421003 4.1979908049106598 4.5032947063446045 8.6186375543475133 2.4836405515670767 183.09243455529213 28.322663471102715
leaf_count=165 139 20 23 29 3665 51 44 90 146 464 38 38 33 125 21 24 40 20 44 21 23 27 176 49 23 25 75 14 742 115
internal_value=-0.000635614 0.0593982 -0.0409755 0.0150497 -0.0485906 0.015633 0.048874 0.0570136 0.0355382 -0.0508298 -0.0280014 -0.0361269 -0.0171723 0.082728 -0.0172951 0.0294607 0.0499753 0.0313101 0.0115734 -0.0391178 0.0242804 0.0524439 -0.0266544 -0.0141774 0.0210906 -0.000428542 -0.0545592 -0.0247072 0.0849789 0.0736908
internal_weight=949.73 381.693 568.037 131.576 500.683 67.3531 64.3168 59.2521 37.0258 489.828 68.7853 62.8903 34.4474 250.118 67.2588 11.0234 32.9058 20.7196 15.749 23.424 12.3588 10.8556 54.9 35.1371 8.81212 8.7077 421.042 11.1023 241.306 58.2133
internal_count=6509 1767 4742 742 4344 398 309 280 190 4294 540 502 243 1025 433 57 155 104 84 186 69 50 364 225 43 48 3754 89 982 240
is_linear=0
shrinkage=0.05


Tree=12
num_leaves=31
num_cat=0
split_feature=37 20 18 23 8 18 4 7 16 33 4 11 5 36 4 16 38 11 36 20 8 10 18 8 20 11 24 23 23 8
split_gain=861.115 146.172 102.554 47.2854 45.2154 22.259 21.096 28.4493 18.339 17.6247 15.8362 15.1249 13.7756 13.1121 11.5044 9.16139 6.38147 5.73527 5.68472 5.20723 15.35 4.99544 4.82335 4.54147 3.69075 6.36494 4.28852 3.22807 1.40383 1.36317
threshold=0.39228448271751409 0.46428571641445165 0.87083333730697643 0.31845378875732427 0.94201681017875682 0.94868421554565441 0.20761494338512423 0.30952382087707525 0.2194052189588547 4.5000000000000009 0.77058029174804699 1.0000000180025095e-35 0.27842378616333013 1.0000000180025095e-35 0.080540537834167494 0.35585071146488195 0.22401433438062671 1.5000000000000002 1.0000000180025095e-35 0.35416667163372045 0.61651584506034862 0.85053193569183361 0.97916665673255932 0.86391696333885204 0.81666666269302379 1.0000000180025095e-35 1.0000000180025095e-35 0.87766438722610485 0.91445994377136242 0.62715834379196178
decision_type=2 2 2 2 2 2 2 2 2 2 2 2 2 2 2 2 2 2 2 2 2 2 2 2 2 2 2 2 2 2
left_child=2 4 3 23 5 11 14 18 -6 10 16 13 22 -2 -4 -12 -5 -13 -8 29 -21 -16 -3 -1 25 26 -14 -27 -10 -11
right_child=1 12 6 9 8 -7 7 -9 28 19 15 17 24 -15 21 -17 -18 -19 -20 20 -22 -23 -24 -25 -26 27 -28 -29 -30 -31
leaf_value=0.015159529510105721 -0.0091982267751049927 -0.009336125266803259 -0.002737507293286257 0.0014820635618679925 -0.038202970842859042 0.10324250362625445 -0.059827637331830968 0.085135880263360109 0.095076881756801235 -0.055914578760161239 -0.025151406988488341 -0.033914831280799466 0.047482589732015287 0.039218729604797442 0.045011426676868263 0.066878186682775773 -0.05355371265454463 0.015863554107273171 0.0097464533975126968 -0.045649410152712594 0.058490052824751948 0.10029868917615986 0.061767590909162721 0.079156998045010044 0.085124248390473445 0.075993893669787982 0.088550614292049759 0.028405107057383801 0.070368025842076784 -0.046681773335603992
leaf_weight=4.7193209677934629 31.688897952437401 5.5923597291111928 5.1065963730216053 7.2332757264375713 3.3750006183981922 4.9734066873788825 11.249844633042814 6.2347371727228156 15.708589375019075 349.62631380558014 4.3759831339120847 38.84439805150032 7.8083536028861991 25.027704231441021 6.0988153144717243 7.0787050202488899 19.376740261912346 6.7993115186691275 3.9728156477212897 49.910191081464291 3.8084937557578078 12.377564027905462 4.1587510257959366 6.7185832113027573 181.65348413586617 5.3007196784019497 34.195557162165642 10.872902974486349 9.0660789459943754 45.139702372252941
leaf_count=26 181 29 24 47 20 22 87 27 65 3278 26 276 32 124 29 32 163 42 27 437 21 53 18 27 744 22 140 46 37 407
internal_value=-0.000645436 0.0565483 -0.041202 -0.0477367 0.0147365 -5.58996e-05 0.031049 -0.00482495 0.0711394 -0.050099 -0.0174342 -0.00507489 0.0792455 0.012167 0.0636896 0.0317205 -0.0385936 -0.0264996 -0.0416702 -0.0528714 -0.0382662 0.0820491 0.0209889 0.0527514 0.0816141 0.0706539 0.0809162 0.0440018 0.0860349 -0.0548588
internal_weight=928.093 385.066 543.028 497.987 135.483 107.334 45.0404 21.4574 28.1497 486.549 38.0647 102.36 249.582 56.7166 23.583 11.4547 26.61 45.6437 15.2227 448.485 53.7187 18.4764 9.75111 11.4379 239.831 58.1775 42.0039 16.1736 24.7747 394.766
internal_count=6509 1798 4711 4464 767 645 247 141 122 4411 268 623 1031 305 106 58 210 318 114 4143 458 82 47 53 984 240 172 68 102 3685
is_linear=0
shrinkage=0.05


Tree=13
num_leaves=31
num_cat=0
split_feature=37 18 21 23 3 16 4 6 4 33 3 6 26 18 6 9 36 9 36 17 37 18 3 37 2 2 18 17 18 11
split_gain=793.99 97.4299 97.4155 44.9006 39.7879 23.6253 23.5089 42.9723 19.3351 15.8657 14.3183 13.6328 12.7513 13.0523 11.0885 9.54796 12.978 8.92716 12.0448 8.89749 7.02342 6.25456 5.80882 5.19144 5.07853 4.44601 21.9705 3.78243 3.68837 10.3447
threshold=0.39228448271751409 0.85164836049079906 1.0000000180025095e-35 0.31845378875732427 0.84680575132370006 0.19920635223388675 0.24525599926710132 0.19090909510850909 0.90595519542694103 4.5000000000000009 0.94804319739341747 0.44949495792388922 1.0000000180025095e-35 0.77350428700447094 0.64583334326744091 5.5000000000000009 1.0000000180025095e-35 3.5000000000000004 1.0000000180025095e-35 0.36181819438934332 0.47564271092414862 0.94281044602394115 0.84680575132370006 0.5204739272594453 0.22401433438062671 0.63859337568283092 0.58578431606292736 0.86811593174934398 0.79285714030265819 1.0000000180025095e-35
decision_type=2 2 2 2 2 2 2 2 2 2 2 2 2 2 2 2 2 2 2 2 2 2 2 2 2 2 2 2 2 2
left_child=1 3 4 22 17 -6 15 -8 12 11 14 24 13 -4 -7 27 -17 18 23 -13 -14 -15 -1 -2 -5 -11 -27 -3 29 -10
right_child=2 6 8 9 5 10 7 -9 28 25 -12 19 20 21 -16 16 -18 -19 -20 -21 -22 -23 -24 -25 -26 26 -28 -29 -30 -31
leaf_value=-0.0015360380001905875 -0.051778336518007111 0.10261110969546512 -0.050126440806861121 -0.00031411532372422111 -0.054239812000738685 0.081468432851091857 -0.051066231075830096 0.10078447174883293 0.076369669728297424 -0.054652667255931903 0.085742382776408416 -0.023491391345453236 0.018551857365411439 0.025671012717460331 0.014304926490419529 -0.01758313060976845 0.093997545297572052 -0.034346448000328371 0.059103424071635005 0.071353061662421197 0.080136568127401928 0.069842759841242955 0.07457198870582081 0.009854935834847648 -0.050875553486786552 -0.050098985743335836 0.061935527732967101 0.054414939313300582 0.081677220783702806 0.0012945323523054944
leaf_weight=3.7030235081911069 6.6256366074085253 8.7252192422747665 4.5164702385663977 6.7379042655229595 5.6343160495162001 8.3829172402620333 17.987929493188862 6.2875534296035758 25.602417662739757 378.87978742271662 20.76836746931076 4.3061423376202566 5.4557322785258284 24.76948457211256 23.023114651441574 7.5851012393832189 3.9698652550578117 30.931119985878468 7.4248872175812712 5.8079328238964081 30.573332503437996 11.846955150365828 7.7626456022262573 7.0542902648448944 18.889252714812756 41.256295144557953 4.8952104076743117 7.6313527077436438 163.44330272078514 5.5903155207633963
leaf_count=21 52 40 26 44 37 39 148 27 108 3674 86 26 27 115 123 45 18 217 41 25 129 49 32 38 163 385 31 32 682 29
internal_value=-0.000652445 -0.040581 0.0542145 -0.0477453 0.014478 0.0430283 0.0242486 -0.0117356 0.0702736 -0.0501774 0.0535323 -0.0181824 0.0490934 0.0300705 0.0322323 0.0555452 0.0207519 -0.0172397 0.00783193 0.0309723 0.0708111 0.0399624 0.0499917 -0.0199961 -0.0375819 -0.0528679 -0.0382157 0.0801246 0.0786703 0.0629148
internal_weight=906.068 524.425 381.643 472.238 109.845 57.8087 52.187 24.2755 271.798 460.773 52.1744 35.7412 77.162 41.1329 31.406 27.9115 11.555 52.0359 21.1048 10.1141 36.0291 36.6164 11.4657 13.6799 25.6272 425.031 46.1515 16.3566 194.636 31.1927
internal_count=6509 4711 1798 4401 633 285 310 175 1165 4348 248 258 346 190 162 135 63 348 131 51 156 164 53 90 207 4090 416 72 819 137
is_linear=0
shrinkage=0.05


Tree=14
num_leaves=31
num_cat=0
split_feature=37 20 18 5 22 2 16 20 18 16 11 5 2 4 2 36 11 33 20 36 11 34 20 11 24 34 9 4 36 4
split_gain=732.677 126.258 92.0445 38.357 39.579 38.3039 32.4499 21.3119 19.2636 15.2285 13.1831 12.7118 10.9284 24.8389 11.6372 10.8719 5.31486 4.61337 9.29494 8.17516 4.34913 4.10265 3.89365 6.05952 4.02662 3.23182 2.82242 2.62934 2.59582 2.35286
threshold=0.39228448271751409 0.46428571641445165 0.85164836049079906 0.40824915468692785 26.500000000000004 0.94201681017875682 0.33215962350368505 0.31666667759418493 0.94868421554565441 0.2194052189588547 1.0000000180025095e-35 0.27842378616333013 0.25723738968372351 0.53229168057441723 0.091431558132171645 1.0000000180025095e-35 1.5000000000000002 6.5000000000000009 0.46428571641445165 1.0000000180025095e-35 1.5000000000000002 0.29166667163372045 0.81666666269302379 1.0000000180025095e-35 1.0000000180025095e-35 0.15476191043853763 2.5000000000000004 0.84797126054763805 1.0000000180025095e-35 0.77058029174804699
decision_type=2 2 2 2 2 2 2 2 2 2 2 2 2 2 2 2 2 2 2 2 2 2 2 2 2 2 2 2 2 2
left_child=2 5 3 17 6 8 -5 25 10 -7 15 21 14 28 -9 -2 -12 18 29 -20 -16 -3 23 24 -13 -4 -6 -25 -14 -1
right_child=1 11 7 4 26 9 -8 12 -10 -11 16 22 13 -15 20 -17 -18 -19 19 -21 -22 -23 -24 27 -26 -27 -28 -29 -30 -31
leaf_value=-0.051836201393591658 -0.0090045478354880467 -0.0099974921136328689 -0.057182061198881057 -0.051607327887375168 0.093535755858392994 -0.03628709317821012 0.065043473464427362 0.007952320886963472 0.094868136874647402 0.079094504546967426 -0.032905507418387984 0.042190047755263499 -0.059173953540638681 0.092747444973941745 0.04291812262554591 0.034924391151119574 0.015030354626326776 -0.054932899473001055 -0.035183990376015717 0.046526087547112821 0.10003369994654887 0.055240383543571664 0.07948698590950215 0.070170024564229744 0.082244070501079597 -0.0061824603317771976 0.046333459859379984 0.02590482338290271 -0.0053018019539455086 -0.002592960718109872
leaf_weight=52.052209742367268 31.39049869030714 5.6503093317151052 6.7279899865388852 34.259621530771255 6.2623703181743604 3.2397770509123829 7.2178358733654013 6.9575422182679203 5.0434477627277365 24.377456799149513 37.840564735233784 7.724852889776229 6.2392968982458097 5.5439919233322135 4.5534729808568963 25.547650367021561 6.8254380598664275 333.09110081940889 7.5484599843621236 5.1494130343198776 12.434906087815762 4.2022437304258347 176.40817841887474 4.7208892703056344 33.42295253276825 5.7707989364862442 6.4069065228104591 11.592943385243416 3.4850799515843391 2.5442973151803008
leaf_count=509 181 29 64 318 27 20 33 32 22 102 276 32 50 24 21 124 42 3372 58 32 53 18 744 20 140 41 32 48 25 20
internal_value=-0.000659872 0.0520128 -0.0399878 -0.0471791 -0.00768218 0.0130788 -0.031308 0.02322 -0.000511337 0.0655591 -0.0052458 0.0734612 0.0413414 0.00828576 0.0624183 0.010706 -0.0255804 -0.0525205 -0.0405797 -0.00204782 0.0847248 0.0178273 0.0758049 0.0645009 0.0747246 -0.0336351 0.0696654 0.0387143 -0.0398669 -0.0495414
internal_weight=884.232 377.987 506.245 454.532 54.1467 134.265 41.4775 51.7131 106.648 27.6172 101.604 243.722 39.2143 15.2684 23.9459 56.9381 44.666 400.385 67.2944 12.6979 16.9884 9.85255 233.87 57.4616 41.1478 12.4988 12.6693 16.3138 9.72438 54.5965
internal_count=6509 1798 4711 4401 410 767 351 310 645 122 623 1031 205 99 106 305 318 3991 619 90 74 47 984 240 172 105 59 68 75 529
is_linear=0
shrinkage=0.05


Tree=15
num_leaves=31
num_cat=0
split_feature=37 20 33 23 2 20 5 11 16 20 4 16 5 23 5 4 16 4 11 11 11 2 10 4 16 2 20 2 15 33
split_gain=677.451 116.971 73.8906 35.6592 35.0759 23.7809 18.7417 15.534 13.8842 12.9979 18.1546 12.3736 11.998 9.80556 9.56737 9.20981 7.55555 6.71263 6.44677 6.22138 5.45896 7.71286 5.45117 8.66388 6.94079 5.15689 3.94424 6.04275 5.84615 3.28053
threshold=0.39228448271751409 0.46428571641445165 4.5000000000000009 0.46228787302970892 0.94201681017875682 0.46428571641445165 0.30583900213241583 1.0000000180025095e-35 0.2194052189588547 0.93750000000000011 0.20169491320848468 0.57247900962829601 0.27842378616333013 0.98787835240364086 0.14160401374101642 0.77058029174804699 0.73481681942939769 0.76026272773742687 1.0000000180025095e-35 1.0000000180025095e-35 1.5000000000000002 0.74862638115882885 0.85053193569183361 0.88730159401893627 0.57611408829689037 0.89022758603096019 0.81666666269302379 0.8841681480407716 0.9972972869873048 4.5000000000000009
decision_type=2 2 2 2 2 2 2 2 2 2 2 2 2 2 2 2 2 2 2 2 2 2 2 2 2 2 2 2 2 2
left_child=2 4 5 6 7 15 -4 11 -6 -5 -11 17 29 -13 -12 16 -1 -2 -17 -8 25 -22 23 24 -7 -9 27 28 -14 -3
right_child=1 12 3 9 8 22 19 20 -10 10 14 13 26 -15 -16 18 -18 -19 -20 -21 21 -23 -24 -25 -26 -27 -28 -29 -30 -31
leaf_value=-0.053800976837210558 -0.04783291930352155 0.043377589370200913 -0.044596395826948368 -0.052395900157006584 -0.035157020151873837 -0.060573091581019235 0.077188214477350942 -0.035810611391564474 0.076024336814685206 0.061565085912060481 -0.054375186314909077 0.051635915601930954 0.03453284015636119 -0.022593720469942871 0.02842613209697778 0.059200982230504823 0.027605088334090745 0.0067361234469165091 -0.02282454244552682 0.003703513647084029 -0.034265717529548156 0.069742560147872584 0.066885336871394793 0.08251864307678905 0.024408263767097274 0.03207232790216389 0.076976512271124842 0.079966235426225954 0.083721293902587937 -0.014501463826761807
leaf_weight=16.235105857253082 7.445776246488097 5.353551506996153 7.7712733075022724 379.64989060908556 3.1783051416277912 3.1926395371556344 8.8800023198127729 34.815440155565739 24.100736409425735 5.8220480978488949 17.446154914796356 25.077189527451996 23.442478209733963 5.4084727168083182 4.3606417924165717 5.0392638891935331 3.4572922289371482 23.180880881845951 4.5658142045140266 4.2629888355731955 3.5927103757858267 3.5375524014234543 13.418887302279471 4.7250405997037879 9.7110145911574346 3.0422026291489592 173.13592335581779 25.400222599506378 8.1375157982110995 4.5110817104578018
leaf_count=158 54 23 74 3971 20 24 38 261 102 32 163 118 97 30 32 23 20 120 28 22 25 18 57 20 49 19 744 109 34 24
internal_value=-0.000664514 0.0500423 -0.0394166 -0.0467165 0.0125027 0.0123815 0.0169573 -0.000498569 0.0630705 -0.0499863 -0.0168754 0.0159163 0.0709065 0.0384668 -0.0378176 -0.0199303 -0.0395089 -0.00653039 0.0202098 0.0533531 -0.0227968 0.0173361 0.042872 0.0245931 0.00338206 -0.0303556 0.0732212 0.0618106 0.0472077 0.0169096
internal_weight=861.898 373.36 488.538 428.193 133.379 60.3451 20.9143 106.1 27.279 407.279 27.6288 61.1123 239.981 30.4857 21.8068 29.2975 19.6924 30.6267 9.60508 13.143 44.9879 7.13026 31.0476 17.6287 12.9037 37.8576 230.116 56.9802 31.58 9.86463
internal_count=6509 1798 4711 4332 767 379 134 645 122 4198 227 322 1031 148 195 229 178 174 51 60 323 43 150 93 73 280 984 240 131 47
is_linear=0
shrinkage=0.05


Tree=16
num_leaves=31
num_cat=0
split_feature=39 20 18 3 3 18 24 4 6 11 4 16 39 16 10 36 3 6 20 16 11 2 3 26 2 10 14 3 20 3
split_gain=615.88 107.178 83.4817 43.4498 39.3486 28.5583 26.5751 18.0339 31.9918 15.4772 11.2027 10.181 9.57475 9.0329 8.78122 11.3658 6.85753 6.65524 6.12945 11.8897 11.9192 7.49605 5.89869 6.90608 5.81188 5.35479 8.95681 5.21538 4.40464 7.0568
threshold=0.61511540412902843 0.46428571641445165 0.85164836049079906 0.74833333492279064 0.82891985774040233 0.48684211075305944 4.5000000000000009 0.2522727251052857 0.23611111193895343 1.0000000180025095e-35 0.75204917788505565 0.24809269607067111 0.75488325953483593 0.67470932006835949 0.85053193569183361 1.0000000180025095e-35 0.98210361599922191 0.64583334326744091 0.46428571641445165 0.48591269552707678 1.5000000000000002 0.65261757373809826 0.76689496636390697 1.0000000180025095e-35 0.89022758603096019 0.88117647171020519 0.6926884949207307 0.90098038315773021 0.81666666269302379 0.89323708415031444
decision_type=2 2 2 2 2 2 2 2 2 2 2 2 2 2 2 2 2 2 2 2 2 2 2 2 2 2 2 2 2 2
left_child=2 4 3 18 13 6 -5 14 -9 11 12 -6 -3 25 15 -4 -13 -11 -1 21 -21 -20 23 -15 -19 -2 -27 -7 29 -12
right_child=1 10 7 5 9 27 -8 8 -10 17 28 16 -14 22 -16 -17 -18 24 19 20 -22 -23 -24 -25 -26 26 -28 -29 -30 -31
leaf_value=-0.053284617582313391 -0.044353768832346263 0.0061911447636595262 -0.016914083070489607 -0.051530949328756841 -0.028560553471288247 0.035453379525618903 0.052460316343716652 -0.045101476722690437 0.088344032371350273 0.056554699422886406 0.041656366036873865 0.041850355675690183 0.074492823665348193 0.0034121551286257061 0.073746728493895658 0.082142282626945742 0.08044051179834795 -0.04050013779176978 -0.053559539017185076 -0.026061601373524049 0.079711048147676544 0.045312859331997468 -0.040769198335387918 0.082118954001178801 0.03344677121722657 -0.060697969226238151 0.02139702512919657 0.097853860229930409 0.076228904569178579 0.078115084308053417
leaf_weight=329.54886075109243 26.884078323841095 12.59536448121071 8.2499967589974421 24.409602172672749 3.7748282030224791 8.545150622725485 8.2098908200860006 17.330398708581928 6.0624012425541869 3.5466539412736919 26.95497439801693 29.959043279290199 8.6581292003393155 8.5067364946007746 15.716052643954752 4.4620729535818091 18.696404635906219 9.7971524372696859 35.796124823391438 8.0944077372550947 3.9696080535650244 2.0254721418023101 3.953593283891677 4.1451387479901305 3.6460098028182975 5.0645286217331877 9.6590606421232206 5.506128028035163 159.86564952135086 26.146397441625595
leaf_count=3621 202 59 50 240 21 38 37 152 27 20 112 132 37 52 69 20 81 71 366 64 24 11 23 22 21 40 57 23 702 115
internal_value=-0.000666782 0.0485427 -0.0379249 -0.0452125 0.0116801 0.000312698 -0.0253577 0.0219977 -0.0105182 0.0371027 0.0686302 0.0505421 0.0340155 -0.0186368 0.0487542 0.0178558 0.0566791 -0.00437078 -0.0508121 -0.0344784 0.00874239 -0.0482646 0.0125402 0.0291989 -0.0204445 -0.0310794 -0.0068415 0.0599056 0.0720847 0.0596081
internal_weight=839.78 361.854 477.926 426.105 127.633 46.6708 32.6195 51.8209 23.3928 69.4201 234.221 52.4303 21.2535 58.2131 28.4281 12.7121 48.6554 16.9898 379.434 49.8856 12.064 37.8216 16.6055 12.6519 13.4432 41.6077 14.7236 14.0513 212.967 53.1014
internal_count=6509 1767 4742 4424 742 338 277 318 179 346 1025 234 96 396 139 70 213 112 4086 465 88 377 97 74 92 299 97 61 929 227
is_linear=0
shrinkage=0.05


Tree=17
num_leaves=31
num_cat=0
split_feature=37 20 18 23 3 15 20 33 10 6 8 6 6 38 6 3 15 10 14 17 18 17 33 24 38 8 15 3 20 3
split_gain=581.297 101.523 79.4284 35.9697 35.9002 21.2568 16.8471 14.4392 14.0431 11.3306 16.3194 10.4029 9.42101 8.0063 22.3553 10.0244 7.03189 7.22621 7.34279 6.91122 6.22527 4.95298 8.2676 7.53588 4.71377 4.24196 17.7984 4.23851 4.17699 6.58552
threshold=0.39228448271751409 0.46428571641445165 0.85164836049079906 0.31845378875732427 0.84680575132370006 0.59317129850387584 0.31666667759418493 4.5000000000000009 0.97722566127777111 0.26136364042758947 0.72176682949066173 0.44949495792388922 0.64583334326744091 0.25723738968372351 0.19090909510850909 0.091431558132171645 0.87206766009330761 0.90399384498596203 0.6926884949207307 0.36181819438934332 0.88562092185020458 0.52786380052566539 3.5000000000000004 1.5000000000000002 0.22401433438062671 0.61651584506034862 0.64808160066604625 0.84680575132370006 0.81666666269302379 0.89323708415031444
decision_type=2 2 2 2 2 2 2 2 2 2 2 2 2 2 2 2 2 2 2 2 2 2 2 2 2 2 2 2 2 2
left_child=2 4 3 27 16 -6 -4 11 12 10 20 24 -7 15 -15 -8 17 -2 -19 -13 -3 22 -18 -23 -5 -9 -27 -1 29 -11
right_child=1 9 6 7 5 8 13 25 -10 28 -12 19 -14 14 -16 -17 21 18 -20 -21 -22 23 -24 -25 -26 26 -28 -29 -30 -31
leaf_value=-0.0020537641829496685 -0.052279183988232052 -0.049863452139400001 -0.031565229794700424 0.0015209919629643222 -0.054198807174322829 0.069776570256231005 0.0044310701238171792 -0.05302095009212613 0.072960290264016403 0.040591737359332761 0.079046747344778304 -0.023057240751633536 0.010124044350554647 -0.042115610701950836 0.085989863307155301 0.075700753857217445 0.091344788407184102 -0.048397800157512792 0.042348493830512215 0.061586658617388705 0.023532049047087306 -0.029686632361553018 -0.0017681730419269806 0.034745927132795777 -0.048969587481320007 -0.051733080518286727 0.030811650328103835 0.063566628812143131 0.074173714162153598 0.076055153783194898
leaf_weight=3.6290833652019483 18.684097886085514 5.0063175112009066 11.579607792198656 6.4077193140983608 5.8750960677862158 8.7852826714515668 6.9571611806750324 318.15103602409363 26.38449564576149 26.870462685823441 10.085612103343008 4.1319703161716443 26.839986652135849 8.755357973277567 5.5734001398086539 16.965210363268852 3.419029772281645 3.9992513582110387 5.036502830684185 5.7920918315649033 6.8313689380884171 18.242382280528549 7.8746682703495026 6.0406719371676436 16.593102216720581 34.86486192047596 8.0355332493782026 7.6440448462963104 156.90573514997959 25.527492105960846
leaf_count=21 145 25 105 44 41 39 32 3646 116 111 44 26 143 74 25 74 20 32 30 25 31 114 52 35 163 383 61 32 705 115
internal_value=-0.000669975 0.0465769 -0.0382956 -0.0456205 0.0114421 0.0366994 0.0212743 -0.0481402 0.0453115 0.0665098 0.0323108 -0.0164425 0.0248345 0.0372702 0.00771307 0.0549739 -0.0156459 -0.034526 0.00218392 0.0263444 -0.0075079 -0.000935425 0.0264206 -0.0136583 -0.0349036 -0.0510308 -0.0362719 0.0424419 0.0700919 0.057869
internal_weight=817.489 362.408 455.08 405.249 131.181 67.8849 49.8307 393.976 62.0098 231.227 21.9233 32.9249 35.6253 38.2511 14.3288 23.9224 63.2966 27.7199 9.03575 9.92406 11.8377 35.5768 11.2937 24.2831 23.0008 361.051 42.9004 11.2731 209.304 52.398
internal_count=6509 1798 4711 4401 767 339 310 4348 298 1031 100 258 182 205 99 106 428 207 62 51 56 221 72 149 207 4090 444 53 931 226
is_linear=0
shrinkage=0.05


Tree=18
num_leaves=31
num_cat=0
split_feature=37 20 18 5 22 2 16 4 6 18 16 6 8 11 5 2 18 11 33 20 15 11 20 9 6 14 9 4 17 19
split_gain=538.92 94.9807 75.1335 34.1504 29.8181 28.0273 26.6025 15.4808 31.7534 15.4465 10.9742 10.7965 15.0983 9.72889 8.96296 7.52865 5.66626 5.24567 5.0011 8.70143 6.42828 4.49214 4.24032 6.61956 5.26938 2.74616 2.44335 2.42128 2.13903 1.87501
threshold=0.39228448271751409 0.46428571641445165 0.85164836049079906 0.40824915468692785 26.500000000000004 0.94201681017875682 0.33215962350368505 0.2522727251052857 0.19090909510850909 0.94868421554565441 0.2194052189588547 0.26136364042758947 0.72176682949066173 1.0000000180025095e-35 0.31072796881198889 0.080540537834167494 0.88562092185020458 1.5000000000000002 6.5000000000000009 0.46428571641445165 0.83889505267143261 1.5000000000000002 0.81666666269302379 4.5000000000000009 0.84523808956146251 0.90033110976219188 2.5000000000000004 0.77058029174804699 0.2981481552124024 0.76955261826515209
decision_type=2 2 2 2 2 2 2 2 2 2 2 2 2 2 2 2 2 2 2 2 2 2 2 2 2 2 2 2 2 2
left_child=2 5 3 18 6 9 28 15 -9 13 -7 12 16 14 -2 -4 -3 -17 19 27 -21 -15 23 25 -25 -13 -6 -1 -5 -19
right_child=1 11 7 4 26 10 -8 8 -10 -11 -12 22 -14 21 -16 17 -18 29 -20 20 -22 -23 -24 24 -26 -27 -28 -29 -30 -31
leaf_value=-0.04983513787994618 -0.042137433882748793 -0.047924326905278487 -0.0092148242142217375 -0.053398512627448026 0.082558791100909204 -0.032572151126070856 0.056980872050626907 -0.051147737826183128 0.085153940647351725 0.084782060164586198 0.069169599963047002 0.074409235523337031 0.076580506407172011 -0.030300413838812285 0.016305472813018741 0.020393751465057276 0.022279206859671937 0.10106012921885335 -0.053508911504716851 -0.047044572798092731 0.028729174574926849 0.014073880269602729 0.072299952230284667 0.0035534985945141276 0.068228452026173017 0.043453166345938952 0.038511364891637492 0.0021670171250844322 0.0016668501390726905 0.062320534689058904
leaf_weight=44.388276450335979 7.567988045513629 4.9498941898345965 5.2984544858336475 27.821902044117454 6.1793304383754712 2.9961781501770046 7.239715375006198 14.944593444466593 5.9838369637727729 5.0362021178007117 22.966331481933594 28.254903957247734 9.894721716642378 35.436257734894753 49.273155093193054 6.8987008780241039 6.8541390299797058 4.2346253916621235 281.6474803686142 4.4565040767192823 7.5253522843122482 6.7973766624927512 153.02201855182648 9.0090908855199796 4.8420990705490103 9.5979514867067319 6.418687216937542 2.3572990000247946 1.8829589262604702 11.903179652988909
leaf_count=509 55 25 26 307 27 20 33 144 27 22 102 127 44 276 250 39 31 21 3372 41 49 42 705 37 20 42 32 20 11 53
internal_value=-0.000671041 0.0450016 -0.0377451 -0.045096 -0.0063104 0.0109509 -0.0289619 0.020437 -0.0121765 -0.000639334 0.0574282 0.0645626 0.0310261 -0.0049815 0.00852422 0.0445256 -0.00715989 0.056886 -0.0507414 -0.0374688 0.000546061 -0.0231585 0.0681171 0.0557378 0.0261626 0.06656 0.0601166 -0.0472128 -0.049908 0.072486
internal_weight=795.679 356.498 439.181 389.918 49.5426 130.073 36.9446 49.2634 20.9284 104.111 25.9625 226.425 21.6988 99.0748 56.8411 28.335 11.804 23.0365 340.375 58.7274 11.9819 42.2336 204.726 51.704 13.8512 37.8529 12.598 46.7456 29.7049 16.1378
internal_count=6509 1798 4711 4401 410 767 351 310 171 645 122 1031 100 623 305 139 56 113 3991 619 90 318 931 226 57 169 59 529 318 74
is_linear=0
shrinkage=0.05


Tree=19
num_leaves=31
num_cat=0
split_feature=37 20 18 5 22 16 10 20 18 4 4 16 5 11 38 4 4 5 4 33 20 36 27 20 9 23 11 34 36 4
split_gain=500.112 89.1199 71.116 32.9054 27.2521 24.6926 23.3498 14.5329 12.6425 12.135 10.4317 8.53751 8.48969 8.98624 6.46042 16.7474 8.48364 5.36219 6.03133 5.06373 8.38564 6.59386 5.04036 3.56642 6.92607 3.83731 3.54999 3.06386 2.72612 2.36339
threshold=0.39228448271751409 0.46428571641445165 0.85164836049079906 0.40824915468692785 26.500000000000004 0.33215962350368505 0.97722566127777111 0.31666667759418493 0.94868421554565441 0.91024166345596325 0.77913278341293346 0.24809269607067111 0.31072796881198889 1.0000000180025095e-35 0.25723738968372351 0.53229168057441723 0.091431558132171645 0.2336879447102547 0.59870129823684703 6.5000000000000009 0.46428571641445165 1.0000000180025095e-35 1.0000000180025095e-35 0.81666666269302379 4.5000000000000009 0.87895438075065624 1.5000000000000002 0.15476191043853763 1.0000000180025095e-35 0.77058029174804699
decision_type=2 2 2 2 2 2 2 2 2 2 2 2 2 2 2 2 2 2 2 2 2 2 2 2 2 2 2 2 2 2
left_child=2 6 3 19 5 -5 8 27 12 -8 17 -11 -2 -14 16 28 -9 -3 -19 20 29 -22 -20 24 -12 -26 -18 -4 -16 -1
right_child=1 10 7 4 -6 -7 9 14 -10 11 23 -13 13 -15 15 -17 26 18 22 -21 21 -23 -24 -25 25 -27 -28 -29 -30 -31
leaf_value=-0.049339737180406171 -0.04196840447348394 -0.0078477709616342119 -0.05595290049617592 -0.049340388543812091 0.057078428161928554 0.053767780177647474 -0.015550420708275349 0.0037752315714998474 0.080864201126362084 -0.017991641058973336 0.06672072965633298 0.070861944891473863 0.015734604559329717 -0.018611552012569088 -0.057700743965281957 0.078264180633845104 0.031948154611001471 0.089389317035475424 0.061813547545697012 -0.053171860448992248 -0.031921098958365014 0.043103501411509197 0.001442232797261812 0.070650518601864429 0.058296518483727147 0.0041409305782056987 0.083360266162604307 -0.0034502913824227969 0.00087470011918255083 0.0020556791803467509
leaf_weight=42.636710450053215 13.985285148024557 6.1528434380888966 5.7435893863439542 28.574996948242188 12.605524152517317 7.2874325737357131 6.4117413535714141 6.9706957936286953 4.3771967738866797 3.0442383289337185 35.870609372854233 24.151172265410423 42.590341739356518 34.447062760591507 5.3545765653252584 5.1490836143493643 4.6188234835863122 5.6233146339654949 6.1904671490192396 269.56679460406303 6.7772170007228834 5.157367542386055 7.8307246416807175 145.91877026855946 5.3266927450895301 8.4757541716098768 12.296943143010139 5.3830393552780151 3.1577395275235176 2.3606385439634314
leaf_count=509 113 31 64 318 59 33 36 32 19 20 164 109 214 256 50 24 21 25 28 3372 58 32 34 692 22 35 53 41 25 20
internal_value=-0.000671198 0.0435207 -0.0372225 -0.0446034 -0.00616013 -0.0283883 0.0104876 0.0196366 -0.00213787 0.0463271 0.0627696 0.0609157 -0.00612936 0.000376815 0.0345091 0.00708477 0.0501939 0.0328843 0.0456419 -0.0503103 -0.0367609 0.000499756 0.0280966 0.0667112 0.0551393 0.0250409 0.0693223 -0.0305522 -0.0359715 -0.0466434
internal_weight=774.037 350.396 423.641 374.967 48.468 35.8624 129.007 48.6745 95.3999 33.6072 221.389 27.1954 91.0227 77.0374 37.5479 13.6614 23.8865 25.7973 19.6445 326.499 56.9319 11.9346 14.0212 195.592 49.6731 13.8024 16.9158 11.1266 8.51232 44.9973
internal_count=6509 1798 4711 4401 410 351 767 310 602 165 1031 129 583 470 205 99 106 118 87 3991 619 90 62 913 221 57 74 105 75 529
is_linear=0
shrinkage=0.05


Tree=20
num_leaves=31
num_cat=0
split_feature=37 20 18 5 3 22 16 15 20 3 6 8 6 14 9 36 3 6 2 22 24 33 20 36 20 3 18 18 33 3
split_gain=464.344 83.7196 67.2996 31.7577 28.6867 24.8811 22.9183 18.4111 13.3028 12.762 10.2208 13.5951 9.37328 7.09429 7.32259 5.89641 5.83621 18.8719 7.52548 5.28164 5.23116 5.12842 8.08115 5.93992 4.41367 6.68011 7.81282 3.12334 2.97803 2.36905
threshold=0.39228448271751409 0.46428571641445165 0.85164836049079906 0.40824915468692785 0.82891985774040233 26.500000000000004 0.33215962350368505 0.59317129850387584 0.31666667759418493 0.98210361599922191 0.26136364042758947 0.72176682949066173 0.64583334326744091 0.6926884949207307 3.5000000000000004 1.0000000180025095e-35 0.2522727251052857 0.19090909510850909 0.091431558132171645 7.5000000000000009 1.5000000000000002 6.5000000000000009 0.46428571641445165 1.0000000180025095e-35 0.81666666269302379 0.89323708415031444 0.97916665673255932 0.97916665673255932 6.5000000000000009 0.59053650498390209
decision_type=2 2 2 2 2 2 2 2 2 2 2 2 2 2 2 2 2 2 2 2 2 2 2 2 2 2 2 2 2 2
left_child=2 4 3 21 13 6 -5 -6 28 12 11 19 -9 -2 15 -15 18 -18 -10 -3 -16 22 29 -24 25 26 -12 -20 -4 -1
right_child=1 10 8 5 7 -7 -8 9 16 -11 24 -13 -14 14 20 -17 17 -19 27 -21 -22 -23 23 -25 -26 -27 -28 -29 -30 -31
leaf_value=-0.048922343877647628 -0.050792124126063945 0.020884140116403486 -0.0032839608966889569 -0.048705010736881854 -0.05355313259541316 0.054131895493753614 0.050812090680474833 0.059170465196419567 0.0035840382615246569 0.073961868038898912 0.017360471252057533 0.072653275474165141 0.010765849246058969 -0.0085203628703960504 -0.040675198394228139 0.048875747244863613 -0.045524219964613012 0.077959157518739358 0.088064318787075546 -0.047029894241320543 0.0087713590892689024 -0.052846610700045274 -0.030991910609306707 0.040171074273867347 0.069094916394058667 0.071232416658706818 0.077160535038410902 0.045572972887902921 -0.05563658730365828 0.001987593662407311
leaf_weight=40.897202700376511 12.179929606616495 6.7597549706697482 5.3731613457202894 27.527040891349316 5.9518391191959372 12.62647785246372 7.3247483745217314 14.100369140505789 6.9753037765622166 18.174813851714134 18.860266625881199 9.4761209785938245 34.403845340013504 10.249585427343847 17.093165636062626 7.9419061318039885 7.4556141719222051 5.2891968190670013 7.9821655601263055 4.9658521339297295 7.7850785702466956 257.95822960883379 6.6350557133555395 5.2545445412397385 144.8956211656332 23.616386294364929 7.6884839385747901 9.4384687170386314 5.4937465414404869 2.4203542768955222
leaf_count=505 105 31 41 318 44 59 33 64 32 86 77 44 183 63 127 43 69 25 36 25 52 3372 58 32 705 115 34 43 64 24
internal_value=-0.000669582 0.042122 -0.0367062 -0.0441094 0.0100518 -0.00600325 -0.0277897 0.0307062 0.0189077 0.0382272 0.0610858 0.0281156 0.0248373 -0.0171004 -0.0075725 0.0165372 0.0331445 0.00572235 0.0474703 -0.00787779 -0.025202 -0.0498866 -0.0360556 0.000458186 0.0646695 0.0518871 0.0346785 0.0650426 -0.0297507 -0.0460778
internal_weight=752.794 344.143 408.651 360.644 127.881 47.4783 34.8518 72.6309 48.0077 66.679 216.262 21.2017 48.5042 55.2497 43.0697 18.1915 37.1407 12.7448 24.3959 11.7256 24.8782 313.165 55.2072 11.8896 195.061 50.1651 26.5488 17.4206 10.8669 43.3176
internal_count=6509 1798 4711 4401 767 410 351 377 310 333 1031 100 247 390 285 106 205 94 111 56 179 3991 619 90 931 226 111 79 105 529
is_linear=0
shrinkage=0.05


Tree=21
num_leaves=31
num_cat=0
split_feature=37 20 18 5 3 18 24 16 20 10 6 8 6 16 10 10 6 34 20 26 24 18 9 3 23 9 20 3 18 8
split_gain=431.405 78.9065 63.7072 30.6489 26.3118 22.9425 21.9478 15.2617 12.1734 11.7295 9.81309 12.6495 7.19618 6.41761 5.50278 9.139 8.30007 5.19509 7.78322 5.14815 7.40719 5.05993 5.02686 5.01073 4.58019 4.85779 4.4372 6.57636 7.39021 4.07978
threshold=0.39228448271751409 0.46428571641445165 0.85164836049079906 0.40824915468692785 0.84680575132370006 0.56696429848670971 4.5000000000000009 0.17799780517816546 0.31666667759418493 0.97722566127777111 0.26136364042758947 0.72176682949066173 0.64583334326744091 0.72128984332084667 0.85053193569183361 0.43095238506793981 0.13392857462167743 0.15476191043853763 0.46428571641445165 1.0000000180025095e-35 1.5000000000000002 0.88562092185020458 4.5000000000000009 0.1490740776062012 0.9894177019596101 3.5000000000000004 0.81666666269302379 0.89323708415031444 0.97916665673255932 0.86391696333885204
decision_type=2 2 2 2 2 2 2 2 2 2 2 2 2 2 2 2 2 2 2 2 2 2 2 2 2 2 2 2 2 2
left_child=2 4 3 17 13 6 -5 -6 -4 12 11 21 -9 19 15 -10 -17 -1 -19 -2 -21 -3 -20 -16 25 -15 27 28 -12 -8
right_child=1 10 8 5 7 -7 29 9 14 -11 26 -13 -14 24 23 16 -18 18 22 20 -22 -23 -24 -25 -26 -27 -28 -29 -30 -31
leaf_value=-0.052532001699835788 -0.045172158528914846 -0.046626880302376467 -0.028960196627741269 -0.047947008256020746 -0.060317606336198183 0.058930159123933262 0.0028964692689220899 0.058427259366324757 0.068281771659431667 0.064115733349688078 0.016493286230526032 0.07074449960381958 0.0069599438965525853 0.076518807722270502 0.071301525264802476 -0.025988149354644774 0.067416572006910064 -0.04550932484988969 0.04109682681673122 -0.024341511408572162 0.031159789040883141 0.020162663770552397 -0.025667475499514709 0.011541605919987513 -0.03206731084523734 0.0026734143088294224 0.067654955663290078 0.069815061411738974 0.075162707821211525 0.069905333054092675
leaf_weight=246.80994760245085 16.244830191135406 4.8426151946187037 10.617011748254297 26.658076994121075 4.2302414923906317 10.563405424356459 3.9620915427803975 9.0313528776168805 5.6411303132772472 25.159115716814995 18.859320998191837 9.2509302049875242 27.387522503733635 4.1436690241098386 11.550519704818727 11.523176021873949 2.9969721361994734 41.709232933819294 4.6275372281670553 24.428458251059055 7.973823018372058 6.8427246659994125 7.2152829095721245 5.0374810695648184 3.3011349216103545 4.814854808151722 140.68739710748196 22.908980309963226 7.5028983205556861 5.323508083820343
leaf_count=3372 130 25 105 317 33 48 22 40 32 119 77 44 147 19 51 77 15 529 29 176 50 31 61 30 22 31 705 115 34 23
internal_value=-0.000668322 0.040815 -0.0361932 -0.0436206 0.00963055 -0.00584974 -0.0248878 0.0315497 0.0181987 0.0378607 0.059552 0.0270642 0.0197231 -0.0140525 0.0318231 0.0142732 -0.00670933 -0.049469 -0.0353521 -0.0222002 -0.0106833 -0.00751613 0.000420423 0.0531535 0.018278 0.0368298 0.0631326 0.0502196 0.0331911 0.0413132
internal_weight=731.845 337.61 394.235 346.869 126.715 46.5071 35.9437 65.8082 47.3663 61.578 210.895 20.9363 36.4189 60.9068 36.7493 20.1613 14.5201 300.362 53.5521 48.6471 32.4023 11.6853 11.8428 16.588 12.2597 8.95852 189.959 49.2712 26.3622 9.2856
internal_count=6509 1798 4711 4401 767 410 362 339 310 306 1031 100 187 428 205 124 92 3991 619 356 226 56 90 81 72 50 931 226 111 45
is_linear=0
shrinkage=0.05


Tree=22
num_leaves=31
num_cat=0
split_feature=37 20 18 5 3 22 17 15 4 6 3 4 6 36 9 15 4 10 14 37 4 33 20 15 20 3 18 9 16 3
split_gain=400.926 74.487 60.4149 29.5017 23.9602 21.2459 20.5264 15.7016 11.4773 25.353 10.7962 9.7373 9.2365 6.56513 8.96519 6.23226 8.65604 6.7608 6.2483 6.17623 5.88757 5.26623 7.48585 5.72212 4.65533 6.55668 7.74576 3.74425 2.93829 2.58114
threshold=0.39228448271751409 0.46428571641445165 0.85164836049079906 0.40824915468692785 0.84680575132370006 26.500000000000004 0.35504202544689184 0.59317129850387584 0.2522727251052857 0.19090909510850909 0.98210361599922191 0.75204917788505565 0.64583334326744091 1.0000000180025095e-35 3.5000000000000004 0.87206766009330761 0.94392031431198131 0.90399384498596203 0.6926884949207307 0.56115964055061351 0.83457711338996898 6.5000000000000009 0.46428571641445165 0.83889505267143261 0.81666666269302379 0.89323708415031444 0.97916665673255932 6.5000000000000009 0.33215962350368505 0.10084745660424234
decision_type=2 2 2 2 2 2 2 2 2 2 2 2 2 2 2 2 2 2 2 2 2 2 2 2 2 2 2 2 2 2
left_child=2 4 3 21 15 6 28 -6 13 -10 12 19 -9 14 -4 17 20 -2 -19 27 -17 22 -1 -24 25 26 -13 -3 -5 -16
right_child=1 11 8 5 7 -7 -8 10 9 -11 -12 24 -14 -15 29 16 -18 18 -20 -21 -22 -23 23 -25 -26 -27 -28 -29 -30 -31
leaf_value=-0.044924919922863481 -0.050530512215053308 0.026291887328896469 0.052415834165121925 -0.050681311492116056 -0.052155372563648807 0.049781488918631711 0.052565383987279883 0.062281881363704217 -0.049655204130259915 0.077064514650807894 0.070882743553072419 0.013777903581383278 0.0099043651192761723 0.070680971665302225 -0.044860869694505714 0.0048278472894741822 0.054397755810465236 -0.046392613307232607 0.039217847819484244 0.057788295799115409 -0.043548000848440682 -0.052226959886460526 -0.04617987922327068 0.026446170091743507 0.066568673837226047 0.068519041150965118 0.072988017597092628 -0.029580675551972815 0.018652348256287268 0.011188028937673899
leaf_weight=40.178176179528236 16.988472566008571 7.2675614580512065 9.7373247072100657 24.7787269204855 5.3160845786333075 12.50368721783161 6.5354164242744437 11.523790985345839 13.446690402925016 5.5871686041355124 17.255206301808357 18.350092202425007 31.220655515789986 9.8709405362606066 4.3576520383357984 18.933663055300716 6.1038713008165351 3.654841020703314 5.1129121258854866 8.9376924335956556 9.4181220829486829 236.10958278924227 4.2297594249248487 7.5590176284313202 135.70234601199627 22.193328350782394 7.9020195454359046 5.1046667620539665 1.6285093277692784 3.8856917545199394
leaf_count=529 145 33 45 313 41 59 30 50 144 27 86 75 162 44 24 122 39 32 30 42 60 3372 41 49 703 115 37 26 8 26
internal_value=-0.000665283 0.0395756 -0.035678 -0.043149 0.0092299 -0.00570902 -0.026771 0.0302037 0.0174668 -0.0124581 0.0375009 0.0581158 0.0240252 0.0379175 0.0199311 -0.0135218 0.000386159 -0.0321272 0.0035311 0.026118 -0.011242 -0.0490554 -0.0346456 0.000388275 0.0618187 0.0485132 0.0316004 0.00323939 -0.0464056 -0.0184409
internal_weight=711.394 330.985 380.408 333.523 125.528 45.4463 32.9427 65.3157 46.8855 19.0339 59.9997 205.458 42.7444 27.8516 17.9807 60.2119 34.4557 25.7562 8.76775 21.3099 28.3518 288.077 51.967 11.7888 184.148 48.4454 26.2521 12.3722 26.4072 8.24334
internal_count=6509 1798 4711 4401 767 410 351 339 310 171 298 1031 212 139 95 428 221 207 62 101 182 3991 619 90 930 227 112 59 321 50
is_linear=0
shrinkage=0.05


Tree=23
num_leaves=31
num_cat=0
split_feature=5 20 18 15 3 23 23 14 20 18 5 2 11 10 11 10 9 9 20 3 20 18 16 17 19 4 3 22 15 36
split_gain=356.068 108.768 68.9844 35.1619 19.2549 16.4457 11.7691 11.2133 9.28617 14.6005 11.198 14.6093 9.12804 9.0566 8.57125 7.16791 10.8456 5.91483 4.81018 4.63341 6.48 6.77531 10.5152 4.7563 4.25226 3.89524 3.79859 2.68376 2.1163 1.78953
threshold=0.30583900213241583 0.46428571641445165 0.87083333730697643 0.72531819343566906 0.96362435817718517 0.31845378875732427 0.87564432621002208 0.61861473321914684 0.31666667759418493 0.78174602985382091 0.16302800178527835 0.20864427834749225 1.0000000180025095e-35 0.96225070953369152 1.5000000000000002 0.43826219439506536 3.5000000000000004 4.5000000000000009 0.93750000000000011 0.89022758603096019 0.81666666269302379 0.97916665673255932 0.65806129574775707 0.42582418024539953 0.64638519287109386 0.70396453142166149 0.25677657127380377 1.0000000180025095e-35 0.88261792063713085 1.0000000180025095e-35
decision_type=2 2 2 2 2 2 2 2 2 2 2 2 2 2 2 2 2 2 2 2 2 2 2 2 2 2 2 2 2 2
left_child=2 3 8 5 12 -2 17 29 -1 25 11 -11 13 -5 -14 -8 27 26 -18 20 21 22 -3 -22 -9 28 -4 -17 -10 -7
right_child=1 19 6 4 -6 7 15 24 9 10 -12 -13 14 -15 -16 16 18 -19 -20 -21 23 -23 -24 -25 -26 -27 -28 -29 -30 -31
leaf_value=-0.051724194625911768 0.038718824736531474 0.051524843792563037 0.052490241514644868 0.03655420820858462 0.067270220441946901 -0.056030863413237125 0.08609197271557141 0.064127105523225453 -0.052196238589326829 0.058071710432524806 0.07913193895134385 -0.048080088611262214 -0.020565074376032919 -0.010604325058697683 0.049485937900114019 0.028330759532088232 -0.045902329007294559 -0.048222109288202288 0.015972931758166491 0.06630823292990555 0.0052281573577099031 0.071159849839519951 -0.0160895213787224 0.063504025763296029 -0.020210380087544933 0.031768214897313816 -0.017649807676723396 0.074145499682466809 -0.0097891362543379695 -0.034410836366341339
leaf_weight=224.75864443928003 7.8250677585601798 11.730109967291357 3.4345960691571218 37.742435649037361 18.252687811851501 27.546760842204094 5.666823022067546 3.1831122115254393 38.129082426428795 4.794511646032336 4.1631543785333625 10.005022794008253 28.194856360554695 13.94153220951557 5.1669600158929816 5.2992414608597782 5.1098250597715351 7.9029918536543846 8.1520250141620636 102.17603106796741 3.7179036736488333 8.2642750740051287 11.279382094740866 60.104621142148972 2.8174745887517929 1.5517457500100125 4.4073702543973923 8.0556290522217733 3.1879632771015158 14.66742694377899
leaf_count=3286 35 53 16 182 93 342 29 20 523 32 22 109 210 68 28 26 34 69 40 552 22 40 46 313 20 14 34 38 39 174
internal_value=-0.000663267 0.0340986 -0.0377098 0.00337333 0.0206734 -0.0285159 0.0177466 -0.0394279 -0.0470035 -0.0298438 0.00668795 -0.0136908 0.0106727 0.0238334 -0.00971582 0.0350317 0.0241607 -0.0176949 -0.00786777 0.0589157 0.0509728 0.0323273 0.0183799 0.0601092 0.0245279 -0.0460033 0.0130699 0.0559661 -0.0489242 -0.0485189
internal_weight=691.229 356.611 334.619 159.338 103.298 56.0398 48.0285 48.2148 286.59 61.8315 18.9627 14.7995 85.0458 51.684 33.3618 32.2835 26.6167 15.745 13.2619 197.272 95.0963 31.2738 23.0095 63.8225 6.00059 42.8688 7.84197 13.3549 41.317 42.2142
internal_count=6509 2198 4311 1172 581 591 286 556 4025 739 163 141 488 250 238 167 138 119 74 1026 474 139 99 335 40 576 50 64 562 516
is_linear=0
shrinkage=0.05


Tree=24
num_leaves=31
num_cat=0
split_feature=37 20 18 5 3 18 24 17 10 20 6 8 36 3 39 33 33 20 26 3 36 10 18 20 3 18 9 8 8 11
split_gain=346.785 66.5543 54.0596 27.8195 20.7249 18.9149 17.7296 11.7497 11.3917 9.67482 9.29468 11.3395 6.41353 6.33315 12.5795 5.42026 5.41299 7.28512 5.37903 4.94385 4.86248 8.61928 4.65883 4.53502 6.27452 6.37049 4.1971 4.18201 3.74922 3.6893
threshold=0.39228448271751409 0.46428571641445165 0.85164836049079906 0.40824915468692785 0.82891985774040233 0.48684211075305944 4.5000000000000009 0.17752101272344592 0.97722566127777111 0.31666667759418493 0.26136364042758947 0.72176682949066173 1.0000000180025095e-35 0.76689496636390697 0.73539844155311596 1.5000000000000002 6.5000000000000009 0.93750000000000011 1.0000000180025095e-35 0.66210046410560619 1.0000000180025095e-35 0.94519516825675975 0.88562092185020458 0.81666666269302379 0.89323708415031444 0.97916665673255932 1.0000000180025095e-35 0.8078865408897401 0.87226107716560375 1.5000000000000002
decision_type=2 2 2 2 2 2 2 2 2 2 2 2 2 2 2 2 2 2 2 2 2 2 2 2 2 2 2 2 2 2
left_child=2 4 3 16 13 6 -5 -6 15 -4 11 22 -7 14 18 -9 17 26 -2 -16 21 -11 -3 24 25 -12 -1 -14 -8 -19
right_child=1 10 9 5 7 12 28 8 -10 20 23 -13 27 -15 19 -17 -18 29 -20 -21 -22 -23 -24 -25 -26 -27 -28 -29 -30 -31
leaf_value=0.03181031760567414 -0.047737049580832545 -0.047303212609207994 -0.027391924571147582 -0.050590156818774629 -0.058249463443758642 -0.0075678551845740419 -0.0020128570732494914 0.062872097809510225 0.058286156125539126 -0.0038869676460774566 0.014215753398847284 0.066758540032505392 0.100415504506659 -0.044871290523935292 0.080688893459799529 0.0085681642745012651 -0.051659095700116536 -0.017286315798191024 -0.0029525408132334142 0.01413316558416716 0.051444732512591518 0.070565321291438304 0.017351949767940342 0.064046111252048912 0.066254229689507352 0.070346600517539146 -0.043816889335303887 0.032421509582661955 0.064677946753226509 0.061778320313097691
leaf_weight=1.9207223132252682 12.872420482337475 4.7191256880760211 9.9565546438097936 21.856696970760826 3.8829980343580237 4.0012682229280445 3.8501138314604741 5.2544222474098197 24.536520913243294 16.589498005807403 18.804910197854046 8.5941343605518323 4.8052433207631111 13.384333096444605 4.1667487993836394 36.621907018125057 216.37656283378601 3.2496031671762458 13.993752129375935 8.4457743838429433 13.904601164162157 5.0770479813218108 6.802268773317337 127.93476594984531 20.766010582447052 6.9131667315959922 40.898308105766773 4.271847739815712 4.6558637917041779 2.702423170208931
leaf_count=21 112 25 105 305 35 21 20 25 123 105 77 44 23 94 23 194 3372 27 110 51 75 25 31 705 115 34 552 20 21 19
internal_value=-0.000661185 0.0372656 -0.034687 -0.0421908 0.00850358 -0.00510145 -0.0267549 0.0262903 0.0312331 0.0161741 0.0554747 0.0232922 0.0451692 -0.0151487 -0.00507192 0.0153819 -0.0482674 -0.0332197 -0.0244102 0.0361209 0.0283685 0.0135592 -0.00913059 0.0591863 0.0458109 0.029304 -0.0404245 0.0684163 0.0344913 0.0186117
internal_weight=671.81 317.693 354.116 308.589 123.159 43.441 30.3627 70.2958 66.4129 45.5277 194.534 20.1155 13.0784 52.863 39.4787 41.8763 265.148 48.7711 26.8662 12.6125 35.5711 21.6665 11.5214 174.419 46.4841 25.7181 42.819 9.07709 8.50598 5.95203
internal_count=6509 1798 4711 4401 767 410 346 377 342 310 1031 100 64 390 296 219 3991 619 222 74 205 130 56 931 226 111 573 43 41 46
is_linear=0
shrinkage=0.05


Tree=25
num_leaves=31
num_cat=0
split_feature=5 20 18 15 3 14 20 4 9 14 18 10 33 20 9 8 9 6 9 3 3 20 18 15 17 2 34 22 5 4
split_gain=309.827 96.2674 62.4883 30.296 17.4167 14.4409 12.1202 10.3455 10.5659 10.253 8.82939 8.18065 7.88025 10.4217 7.82447 7.59012 7.03072 6.49791 5.44122 5.17782 4.78644 6.35825 6.22154 8.71482 4.45022 4.19378 3.21238 2.39058 1.88926 0.841497
threshold=0.30583900213241583 0.46428571641445165 0.85164836049079906 0.72531819343566906 0.96362435817718517 1.0000000180025095e-35 0.93750000000000011 0.24525599926710132 3.5000000000000004 0.61861473321914684 0.94868421554565441 0.43095238506793981 7.5000000000000009 0.93750000000000011 7.5000000000000009 0.40238095819950109 4.5000000000000009 0.29285715520381933 1.0000000180025095e-35 0.84965753555297863 0.89022758603096019 0.81666666269302379 0.97916665673255932 0.91944754123687755 0.42582418024539953 0.29708431661129003 0.22500000149011615 35.500000000000007 0.2124435901641846 0.23845060169696811
decision_type=2 2 2 2 2 2 2 2 2 2 2 2 2 2 2 2 2 2 2 2 2 2 2 2 2 2 2 2 2 2
left_child=2 3 12 5 10 -2 7 8 -4 27 16 -8 13 18 26 25 -5 -9 -1 -11 21 22 23 -3 -23 -15 -13 -7 -20 -14
right_child=1 20 6 4 -6 9 11 17 -10 19 -12 14 29 15 -16 -17 -18 -19 28 -21 -22 24 -24 -25 -26 -27 -28 -29 -30 -31
leaf_value=0.024503320117400439 0.038120086439370024 0.048111310000005576 0.063331592326432179 0.017608750025337693 0.064902012648626023 -0.049609629029351177 0.095155560306081216 -0.052328046627609828 -0.032094983021454443 -0.025015235027900713 0.079959834097019247 0.0095746241434344018 -0.044954690808182547 0.033583636528500257 -0.020130075577374264 0.086699289018379228 -0.012826176438273607 0.037972994550802636 -0.046836125501309792 0.0678775151853898 0.064302689315579961 0.0041282337650431992 0.068418914383904697 -0.013502184799353265 0.061162466883564831 -0.056542057691418748 0.060259690383349843 0.012827198193841996 -0.020153254621316098 -0.053526861682835096
leaf_weight=3.1529394313693038 7.2346182018518439 11.25007669627667 7.0107360333204287 50.002687618136406 17.232038408517838 38.155668292194605 4.8716351091861751 12.839814357459543 4.9479910880327225 2.9031964279711238 4.2551921904087058 4.5603020787239101 34.981984119862318 2.4093256741762143 6.9742085188627234 2.8640080541372299 30.580715965479612 2.3580418080091468 46.792795576155186 3.1039519160985947 95.357820928096771 3.6402108892798415 7.7781162261962882 11.7159186899662 56.585719719529152 2.78026332706213 9.9403101652860624 1.5972482375800598 7.7296983338892451 157.65177267044783
leaf_count=29 33 51 32 254 93 508 24 136 35 26 18 26 571 16 39 17 216 13 673 14 552 22 40 48 313 30 47 10 88 2535
internal_value=-0.000657206 0.032254 -0.0366844 0.00314924 0.0190739 -0.0275226 0.0124982 -0.0109419 0.0238483 -0.0379006 0.00976555 0.036659 -0.0468694 -0.0319204 0.0233889 0.0213593 0.00605895 -0.0383173 -0.0393602 0.0229834 0.0564754 0.0482707 0.0297695 0.0166797 0.0577152 -0.0147002 0.0443197 -0.047101 -0.0430533 -0.0519702
internal_weight=653.259 341.393 311.866 155.065 102.071 52.9947 53.503 27.1566 11.9587 45.7601 84.8386 26.3465 258.363 65.729 21.4748 8.0536 80.5834 15.1979 57.6754 6.00715 186.328 90.97 30.7441 22.966 60.2259 5.18959 14.5006 39.7529 54.5225 192.634
internal_count=6509 2198 4311 1172 581 591 352 216 67 558 488 136 3959 853 112 63 470 149 790 40 1026 474 139 99 335 46 73 518 761 3106
is_linear=0
shrinkage=0.05


Tree=26
num_leaves=31
num_cat=0
split_feature=39 20 18 2 3 18 24 3 6 15 3 6 8 15 6 17 36 10 2 23 17 15 20 3 18 34 3 14 20 39
split_gain=296.004 67.4774 43.8207 24.4437 21.6006 17.0161 15.6438 11.718 11.6259 10.4109 9.60457 9.50432 10.7437 7.83813 7.53222 7.4154 5.33574 6.85593 5.27905 10.7268 7.27442 5.16461 4.85075 6.2737 6.2971 4.27337 3.81032 3.41745 3.30936 3.1936
threshold=0.59468811750411998 0.46428571641445165 0.85164836049079906 0.63859337568283092 0.84680575132370006 0.56696429848670971 4.5000000000000009 0.2522727251052857 0.19090909510850909 0.59317129850387584 0.98210361599922191 0.26136364042758947 0.72176682949066173 0.80528196692466747 0.64583334326744091 0.34698997437953955 1.0000000180025095e-35 0.855400711297989 0.20204082131385806 0.98620623350143444 0.62202382087707531 0.98162323236465465 0.81666666269302379 0.89323708415031444 0.97916665673255932 0.027402402833104137 0.4654348641633988 0.94360822439193737 0.35416667163372045 0.68319374322891246
decision_type=2 2 2 2 2 2 2 2 2 2 2 2 2 2 2 2 2 2 2 2 2 2 2 2 2 2 2 2 2 2
left_child=2 4 3 18 13 6 -5 16 27 -6 14 12 26 29 -11 -15 17 -4 19 20 -1 -17 23 24 -13 -8 -3 -9 -7 -2
right_child=1 11 7 5 9 28 25 8 -10 10 -12 22 -14 15 -16 21 -18 -19 -20 -21 -22 -23 -24 -25 -26 -27 -28 -29 -30 -31
leaf_value=-0.044866211494891291 -0.055906312772715919 0.030549497945264015 -0.01788390265227166 -0.044920685671387461 -0.049206874914834178 0.024544078876973751 -0.018394151995532477 -0.055846512289056217 0.060379480039923827 0.055363129512693836 0.066368876703420052 0.012355214851025966 0.064379118864486329 0.06962628972393374 0.0074756742581910153 -0.012959533943623924 0.0626805177179416 0.044831857947453403 -0.051571096496262882 0.066642406353365657 0.04071202174306443 0.05374023956323825 0.062193984720392836 0.064424073757823289 0.068515323540440251 0.054119856806842837 -0.030402148103835333 0.018711604867780295 0.082178614897501778 -0.014042555654354753
leaf_weight=32.931872107088566 12.320677623152735 3.8087448738515395 8.0112541690468806 25.485268354415894 4.1491103470325461 5.94320100545883 2.9947025254368764 10.320693887770174 3.3585159331560126 11.225672900676726 15.54270516335964 19.227654993534092 8.1394776552915555 3.2903462946414939 30.58130094408989 40.691721644252539 9.5397255197167414 9.55505622923374 194.55812778323889 2.6077079214155665 2.6857126951217642 3.1250962615013114 120.77153380215168 19.567743137478828 6.7414980977773658 6.3183953128755093 7.8461490273475647 1.8058451116085041 4.2874887138605118 7.2282196208834639
leaf_count=537 159 19 51 367 34 35 19 126 18 49 87 80 44 23 159 289 44 45 3227 32 21 15 711 116 35 35 42 15 20 55
internal_value=-0.000652956 0.0338259 -0.0344705 -0.0417106 0.00590596 -0.00798906 -0.0246549 0.0127551 -0.0219437 0.0272768 0.0328102 0.0530523 0.0203001 -0.0138114 0.020334 -0.0027662 0.0325777 0.0162298 -0.0482336 -0.0312464 -0.0384133 -0.00820238 0.0569505 0.043044 0.0269342 0.0308024 -0.0104835 -0.0447436 0.0486976 -0.0404272
internal_weight=634.661 314.258 320.404 277.812 128.155 45.0291 34.7984 42.5911 15.4851 61.4988 57.3497 186.103 19.7944 66.6561 41.807 47.1072 27.106 17.5663 232.783 38.2253 35.6176 43.8168 166.308 45.5369 25.9692 9.3131 11.6549 12.1265 10.2307 19.5489
internal_count=6509 1917 4592 4293 870 476 421 299 159 329 295 1047 105 541 208 327 140 96 3817 590 558 304 942 231 115 54 61 141 55 214
is_linear=0
shrinkage=0.05


Tree=27
num_leaves=31
num_cat=0
split_feature=37 20 18 2 18 3 24 18 4 4 4 8 24 3 10 4 22 33 18 2 15 19 2 20 11 37 20 11 20 4
split_gain=278.863 56.7381 45.9573 25.3828 16.5414 16.2713 14.1727 10.4152 9.21498 8.00567 15.8877 7.06821 6.8743 6.04339 5.32752 5.07997 8.65305 13.3982 5.76171 5.01428 4.45345 4.33956 4.08117 5.22391 4.06379 4.04515 3.99077 6.24908 3.75244 3.10783
threshold=0.39228448271751409 0.46428571641445165 0.85164836049079906 0.65261757373809826 0.56696429848670971 0.96362435817718517 4.5000000000000009 0.94868421554565441 0.77913278341293346 0.2522727251052857 0.64346247911453258 0.82807883620262157 1.5000000000000002 0.84680575132370006 0.84924244880676281 0.20169491320848468 1.5000000000000002 18.500000000000004 0.81534090638160717 0.080540537834167494 0.69255909323692333 0.48022346198558813 0.7933771312236787 0.93750000000000011 1.5000000000000002 0.51222422719001781 0.81666666269302379 1.0000000180025095e-35 0.35416667163372045 0.99450549483299266
decision_type=2 2 2 2 2 2 2 2 2 2 2 2 2 2 2 2 2 2 2 2 2 2 2 2 2 2 2 2 2 2
left_child=2 5 3 15 6 7 21 11 22 19 -11 14 -13 -8 -2 16 17 -1 -18 -4 -7 -5 23 -3 -21 -25 27 -10 -6 -17
right_child=1 8 9 4 28 20 13 -9 26 10 -12 12 -14 -15 -16 29 18 -19 -20 24 -22 -23 -24 25 -26 -27 -28 -29 -30 -31
leaf_value=0.11495302421534409 -0.032039641242113857 -0.026743209642603336 -0.013265178583633444 -0.049510998414556556 0.023766060597811056 -0.0067948653338439531 -0.02437121312822918 0.070390395714789888 0.056103423428004444 -0.042756383083160238 0.06503658222747509 0.00031347123329730585 0.047740391331983656 0.058883084724449378 0.00063168934286475617 -0.051373631898325514 -0.046667672380565559 -0.053300994784311287 0.02507677680274302 0.0093241403098806071 0.061820087055885056 0.036183212746612535 0.069285140645720819 0.0032985494063482983 0.056240903402188083 0.057334871071272143 0.06134304371756738 0.014434009380296041 0.083493020007462504 0.010028460194232622
leaf_weight=2.4187059327960005 26.956919327378273 5.7153890281915709 5.0864318311214474 22.791450604796413 6.9766911789774877 2.7978106327354935 3.4418920353054983 4.9594196677207938 29.357291236519814 12.175136078149082 4.7528215125203124 36.888413362205029 9.6363525204360467 5.9442469924688339 23.230228319764137 190.96084032580256 29.041910439729691 2.3162960633635521 3.0968408063054076 6.6507572159171131 15.280796736478804 1.5797464549541462 3.9345496296882621 6.990878626704216 15.082001075148581 6.8639132231473923 112.48988799750805 12.973704338073729 4.2206356674432755 2.0832555554807177
leaf_count=24 228 29 26 343 41 21 27 22 164 143 28 197 50 28 160 3308 494 40 27 39 89 22 22 33 74 34 692 57 20 27
internal_value=-0.000648121 0.0341137 -0.0331686 -0.0407443 -0.00638271 0.00749341 -0.0238507 -0.000278481 0.0519899 0.0144308 -0.0124916 -0.0039024 0.0101367 0.0283538 -0.016917 -0.0474628 -0.0304575 0.0326455 -0.0397545 0.031424 0.0512014 -0.0439563 0.0228192 0.0134773 0.0418832 0.0300691 0.0564186 0.0433325 0.0462791 -0.050711
internal_weight=616.695 298.076 318.62 274.873 44.9547 119.75 33.7573 101.671 178.326 43.7471 16.928 96.7119 46.5248 9.38614 50.1871 229.918 36.8738 4.735 32.1388 26.8192 18.0786 24.3712 23.5047 19.5702 21.7328 13.8548 154.821 42.331 11.1973 193.044
internal_count=6509 1798 4711 4401 481 767 420 657 1031 310 171 635 247 55 388 3920 585 64 521 139 110 365 118 96 113 67 913 221 61 3335
is_linear=0
shrinkage=0.05


Tree=28
num_leaves=31
num_cat=0
split_feature=37 20 20 34 3 3 24 18 36 10 4 5 38 23 22 18 18 16 34 20 11 23 2 20 39 2 16 19 24 2
split_gain=259.432 54.7368 44.0775 17.475 16.9813 16.062 12.197 10.3902 9.93655 9.30993 9.2022 8.24998 7.80252 6.67982 8.98887 6.39961 5.4702 5.1619 4.50407 4.08521 5.84166 4.71841 3.93353 4.90963 3.78054 3.27348 11.7259 3.07974 2.90404 2.54981
threshold=0.38906525075435644 0.46428571641445165 0.46428571641445165 0.15476191043853763 0.86240702867507946 0.96362435817718517 4.5000000000000009 0.94868421554565441 1.0000000180025095e-35 0.94519516825675975 0.77913278341293346 0.4555336087942124 0.45954339206218725 0.6540258824825288 10.500000000000002 0.81534090638160717 0.91287881135940563 0.24809269607067111 0.41666667163372045 0.81666666269302379 1.0000000180025095e-35 0.90508365631103527 0.7933771312236787 0.93750000000000011 0.71879270672798168 0.63859337568283092 0.42152811586856848 0.70025381445884716 1.0000000180025095e-35 0.18321678787469867
decision_type=2 2 2 2 2 2 2 2 2 2 2 2 2 2 2 2 2 2 2 2 2 2 2 2 2 2 2 2 2 2
left_child=2 5 4 11 16 7 12 13 9 18 22 15 -6 -2 -15 27 25 -7 -5 20 28 -22 23 -3 -25 29 -27 -4 -12 -1
right_child=1 10 3 8 6 17 -8 -9 -10 -11 19 -13 -14 14 -16 -17 -18 -19 -20 -21 21 -23 -24 24 -26 26 -28 -29 -30 -31
leaf_value=-0.036178593391991941 0.056291873743233134 -0.026058779850125842 -0.053601459267294538 -0.026185730967928578 -0.047764206409573691 -0.013731748310944104 0.061191098183368722 0.068530274838155728 0.051713333068102087 0.067900987110722746 0.023016774801480837 0.072488024346434254 0.075169015711640613 -0.00079054421100851601 -0.045417346177760463 0.011138000544969393 0.014986791123427637 0.061982217563643374 0.044069972895841844 0.060505817029361413 0.043929988315016738 -0.015992941736382056 0.068142778753760111 0.0060747304698344539 0.059085333794462902 -0.044720880692663709 0.055945930494505504 0.0048784533914845813 0.062779138201675883 -0.052313676142592719
leaf_weight=28.753068529069424 4.3537773564457884 5.7880808115005538 18.919030364602815 14.486144401133066 8.1899053305387479 2.6420002952218082 6.237813487648963 5.1637711673974982 17.842393927276134 4.201910473406314 5.747894927859309 1.9568169713020314 1.5322105288505543 80.207975912839174 13.131036445498465 6.1687709838151923 3.526425350457429 15.215336233377455 2.7077138721942893 108.44664938747883 6.6908668726682645 6.453849196434021 3.8038005828857413 7.8287094086408615 5.8965734541416168 19.870969049632553 3.3856483697891226 2.5554281286895266 22.833703026175499 164.96589954569936
leaf_count=478 26 30 322 113 116 21 29 23 97 24 30 10 8 523 106 50 30 91 14 692 30 28 22 37 30 294 20 40 134 3041
internal_value=-0.000643083 0.0328631 -0.0329315 0.00227976 -0.0431821 0.00700808 0.00662215 -0.000591385 0.0241602 0.00118306 0.0508529 -0.0267252 -0.0283899 -0.00424497 -0.00706869 -0.0337483 -0.0467869 0.0507803 -0.0151218 0.0553904 0.0420955 0.0145088 0.0216291 0.0125621 0.0288488 -0.0477909 -0.030066 -0.0466424 0.0547827 -0.0499188
internal_weight=599.504 294.204 305.3 68.8382 236.462 120.714 15.9599 102.857 39.2382 21.3958 173.49 29.6 9.72212 97.6928 93.339 27.6432 220.502 17.8573 17.1939 150.173 41.7263 13.1447 23.3172 19.5134 13.7253 216.976 23.2566 21.4745 28.5816 193.719
internal_count=6509 1823 4686 670 4016 790 153 678 248 151 1033 422 124 655 629 412 3863 112 127 914 222 58 119 97 67 3833 314 362 164 3519
is_linear=0
shrinkage=0.05


Tree=29
num_leaves=31
num_cat=0
split_feature=37 20 20 15 3 2 2 24 36 9 14 4 3 2 15 26 20 21 16 11 2 15 5 3 26 6 15 37 8 16
split_gain=241.3 51.1799 41.9256 20.6681 18.2584 14.4187 13.633 11.1802 9.86055 9.31049 9.1491 8.88867 7.7623 7.25296 6.23805 5.99306 5.92844 10.4446 5.79034 5.50506 10.1266 5.41272 4.55605 9.73306 4.24018 3.90817 3.64808 3.64304 3.46386 12.528
threshold=0.39228448271751409 0.46428571641445165 0.46428571641445165 0.8216732144355775 0.86240702867507946 0.94201681017875682 0.67136150598526012 4.5000000000000009 1.0000000180025095e-35 3.5000000000000004 0.45969872176647192 0.90595519542694103 0.82891985774040233 0.17046005278825763 0.9745212495326997 1.0000000180025095e-35 0.81666666269302379 0.75000000000000011 0.67470932006835949 1.0000000180025095e-35 0.86706829071044933 0.92074912786483776 0.14160401374101642 0.29708431661129003 1.0000000180025095e-35 0.64583334326744091 0.69255909323692333 0.48233564198017126 0.64218327403068554 0.42152811586856848
decision_type=2 2 2 2 2 2 2 2 2 2 2 2 2 2 2 2 2 2 2 2 2 2 2 2 2 2 2 2 2 2
left_child=2 5 4 6 14 12 -4 10 9 13 -6 15 18 -5 28 16 17 -3 24 20 -14 -20 23 -10 -2 -21 -7 -17 -1 -30
right_child=1 11 3 8 7 26 -8 -9 22 -11 -12 -13 19 -15 -16 27 -18 -19 21 25 -22 -23 -24 -25 -26 -27 -28 -29 29 -31
leaf_value=-0.049797652292382526 -0.053251563960341801 0.048966640267517986 -0.051416500317259299 0.070980103971811481 -0.047188837049396373 -0.0027816944550670742 0.052560987066241238 0.060437951695345229 0.055355322573194081 -0.024724141364823878 0.07843411690783518 0.057447217177418589 0.061845351823862305 -0.017979445954098339 0.012168663243816699 0.0088559357717385833 0.03854759698465781 -0.042044380334233147 0.062023304882517255 0.032657604629997561 0.0035669797562268716 -0.0064166037595507529 0.093893637800180979 -0.04450385249064813 -0.014863694902712058 -0.024915344172707212 0.054608238319318263 0.061231346353928497 -0.044161047269335764 0.063698482588917887
leaf_weight=186.27915886044502 10.298184238374231 5.1166912987828246 20.167067669332031 6.2599336728453654 8.0741587057709712 3.3089021928608444 3.7365848273038855 6.3557039350271216 12.579013891518118 14.281816251575945 1.7664681822061528 117.10021591186523 11.88639707863331 3.6140310019254684 4.4626848995685569 4.0514447018504169 15.244946137070656 8.2115796133875847 3.8208362013101569 3.9108752161264411 19.989208348095417 11.84463896602392 4.3413024395704261 3.0274011343717566 23.860047124326229 11.968081664294003 16.972747266292572 18.392009705305099 18.997030023485426 3.1366980373859397
leaf_count=3542 101 25 344 31 119 24 21 30 68 124 9 753 54 28 33 20 83 39 23 21 94 77 25 31 186 89 98 111 288 18
internal_value=-0.000636086 0.0321481 -0.0321951 0.00227815 -0.0424296 0.00688558 -0.0351629 0.00874685 0.0225708 0.00108656 -0.0246386 0.0498586 -0.00108747 0.0384195 -0.0463232 0.0324404 0.0172523 -0.00710547 -0.0148938 0.0133171 0.025299 0.010276 0.0485873 0.0359842 -0.0264371 -0.0107355 0.0452452 0.0517766 -0.0475757 -0.0288757
internal_weight=583.056 285.977 297.079 68.0072 229.072 117.86 23.9037 16.1963 44.1035 24.1558 9.84063 168.117 97.5783 9.87396 212.876 51.0167 28.5732 13.3283 49.8237 47.7546 31.8756 15.6655 19.9477 15.6064 34.1582 15.879 20.2816 22.4435 208.413 22.1337
internal_count=6509 1798 4711 672 4039 767 365 158 307 183 128 1031 645 59 3881 278 147 64 387 258 148 100 124 99 287 110 122 131 3848 306
is_linear=0
shrinkage=0.05


Tree=30
num_leaves=31
num_cat=0
split_feature=37 20 20 15 23 4 2 6 37 15 10 36 10 4 33 33 2 24 39 20 2 16 16 5 4 16 4 33 16 38
split_gain=224.593 49.2433 40.2063 19.12 15.8878 13.6259 12.7878 10.7254 11.6401 10.6908 10.5047 9.33072 11.4171 8.97226 7.75649 6.21246 6.15053 5.84994 5.49046 5.29742 5.98448 5.1699 4.99837 4.1422 8.15596 4.13623 4.58871 4.08281 3.80763 4.87762
threshold=0.38906525075435644 0.46428571641445165 0.46428571641445165 0.8216732144355775 0.46228787302970892 0.95040982961654674 0.67136150598526012 0.61250001192092907 0.57159194350242626 0.59317129850387584 0.97722566127777111 1.0000000180025095e-35 0.94519516825675975 0.75204917788505565 7.5000000000000009 4.5000000000000009 0.65261757373809826 1.5000000000000002 0.75488325953483593 0.81666666269302379 0.8841681480407716 0.59005251526832592 0.53093111515045177 0.14160401374101642 0.270728349685669 0.59005251526832592 0.91024166345596325 4.5000000000000009 0.73481681942939769 0.45954339206218725
decision_type=2 2 2 2 2 2 2 2 2 2 2 2 2 2 2 2 2 2 2 2 2 2 2 2 2 2 2 2 2 2
left_child=2 5 4 6 16 7 -4 8 14 -7 17 12 27 18 -2 28 -1 -11 -3 20 21 -15 -10 24 -13 -9 -27 -5 29 -6
right_child=1 13 3 11 15 9 -8 25 22 10 -12 23 -14 19 -16 -17 -18 -19 -20 -21 -22 -23 -24 -25 -26 26 -28 -29 -30 -31
leaf_value=-0.042269177579970917 0.0046350056159811239 -0.0014966402837954728 -0.051118187337654497 0.0049371841587606251 -0.046568930650910688 -0.048372374708285371 0.049978716241165649 -0.066814506126027878 0.078480072139796964 0.0035937730901288776 0.066063641296316228 0.055656033481716528 0.069495824394187375 0.066865372242938273 -0.048713482609969896 -0.048694503187299065 0.030048623233754901 0.053536656732261406 0.054952311691956759 0.059145872887114516 0.0616845957812516 0.011080800972211917 0.019259340650619641 0.090678444128291985 -0.02923428388454697 -0.04637721238050016 0.023414902828712083 -0.041622351922879511 0.035608930028028625 0.01271372562612251
leaf_weight=4.1613634601235381 16.832544639706615 13.162041231989862 19.29264405742288 10.018136054277425 11.009239729493862 4.4433239437639704 3.7332438528537741 8.4146301858127135 4.5917848795652416 23.556249238550667 15.758390322327612 11.642791219055654 4.787361614406108 5.2466851025819805 11.446640908718107 185.10148876532912 10.018177069723604 7.8063959777355185 6.4032411426305762 102.72285354137421 16.172709748148918 19.930133923888206 15.903582349419592 4.2722351402044287 3.7377820648252955 6.0325869619846326 3.8634478598833084 8.8839026913046819 2.7676799297332755 5.0664714723825446
leaf_count=69 119 65 344 59 156 45 21 57 22 140 97 60 28 24 123 3675 53 44 37 703 109 95 81 25 38 42 20 95 20 43
internal_value=-0.000631281 0.0309661 -0.0319837 0.00209275 -0.042352 0.00644119 -0.0347271 -0.00841411 0.00383539 0.0257679 0.0327591 0.0216536 0.000523192 0.0487484 -0.016959 -0.0459102 0.00882504 0.0160249 0.0169777 0.0530629 0.0379514 0.0227059 0.0325272 0.047124 0.035026 -0.0410434 -0.0191301 -0.0169457 -0.0185593 -0.0278852
internal_weight=566.78 282.287 284.493 66.3681 218.124 118.65 23.0259 67.0852 48.7746 51.5644 47.121 43.3422 23.6894 163.638 28.2792 203.945 14.1795 31.3626 19.5653 144.072 41.3495 25.1768 20.4954 19.6528 15.3806 18.3107 9.89603 18.902 18.8434 16.0757
internal_count=6509 1823 4686 670 4016 790 365 464 345 326 281 305 182 1033 242 3894 122 184 102 931 228 119 103 123 98 119 62 154 219 199
is_linear=0
shrinkage=0.05


Tree=31
num_leaves=31
num_cat=0
split_feature=37 18 21 2 3 18 26 24 2 6 15 36 17 3 6 5 3 18 2 17 8 14 3 2 2 26 24 16 24 6
split_gain=208.91 36.3817 31.2454 21.943 14.9001 14.3899 11.7557 11.6231 11.1732 9.16185 10.1142 8.23888 7.8057 7.02942 15.8465 6.80289 10.3806 6.29538 5.45191 7.15293 7.98269 4.82399 4.77371 4.47229 4.38128 3.83192 3.35676 2.99266 2.38344 2.37223
threshold=0.38906525075435644 0.85164836049079906 1.0000000180025095e-35 0.63859337568283092 0.89022758603096019 0.58578431606292736 1.0000000180025095e-35 4.5000000000000009 0.94201681017875682 0.84523808956146251 0.9972972869873048 1.0000000180025095e-35 0.23431372642517093 0.2522727251052857 0.19090909510850909 0.31072796881198889 0.5825757384300233 0.79285714030265819 0.20204082131385806 0.62202382087707531 0.11852502077817918 0.56118956208229076 0.84680575132370006 0.59870129823684703 0.080540537834167494 1.0000000180025095e-35 1.5000000000000002 0.32934004068374639 1.0000000180025095e-35 0.57738095521926891
decision_type=2 2 2 2 2 2 2 2 2 2 2 2 2 2 2 2 2 2 2 2 2 2 2 2 2 2 2 2 2 2
left_child=1 3 8 18 6 7 9 27 12 10 -4 -7 -2 24 -15 -14 -17 28 19 20 -1 -10 -9 -19 -3 26 -26 -5 -8 -20
right_child=2 13 4 5 -6 11 17 22 21 -11 -12 -13 15 14 -16 16 -18 23 29 -21 -22 -23 -24 -25 25 -27 -28 -29 -30 -31
leaf_value=-0.050728056454516945 -0.057584206626096993 -0.014363166356080904 -0.010224897167542282 -0.047693835614033626 0.058169028988756338 -0.020668341159521403 -0.010401626768492428 -0.022079763149202361 0.00075837909569772708 0.057623219526522676 0.048184231363996723 0.073124274500728795 -0.034185951190154253 -0.0472136805669102 0.067888843160255383 0.091540912284120937 0.0046266695855884518 0.0073108182630434509 -0.050678381774603758 0.037180294981533565 0.011318328312855473 0.061777487634549356 0.053249438715487797 0.063249941006697383 0.066419094586620805 -0.0083653002427183133 0.021406766538628483 0.033712135682575861 0.035662008323778936 0.0013599481384220838
leaf_weight=21.847407158464197 5.6306539475917807 4.9273701943457153 32.887125879526138 20.619748536497362 81.21063482016325 3.4246817342936975 5.1949048116803151 3.3994464166462404 4.4868156127631691 9.345304533839224 9.5678239464759809 7.4018460363149643 10.29670439660549 10.734355278313158 4.1448385566472998 3.6458291187882415 59.532525412738323 4.0099622085690489 158.03366926312447 3.7790892124176017 6.7965694032609454 11.646932899951933 5.5153173729777336 32.792780563235283 10.119855090975767 3.6599834971129885 7.0116133391857138 1.1943708509206761 6.1123504862189293 2.2208088487386695
leaf_count=434 62 26 181 368 576 22 34 30 33 56 56 40 106 143 24 25 358 21 3270 27 129 70 28 213 51 25 38 9 32 22
internal_value=-0.000625702 -0.0314933 0.0300711 -0.039067 0.0422624 -0.00611399 0.0293329 -0.0235785 0.00688645 0.0128041 0.00293843 0.0434555 -0.00084772 0.0122035 -0.01515 0.0035002 0.00964222 0.0471295 -0.0461741 -0.0274756 -0.0360058 0.044808 0.0245243 0.0571549 0.0280284 0.0380748 0.0479963 -0.0432367 0.0144989 -0.0499572
internal_weight=551.191 274.831 276.36 234.233 181.121 41.5554 99.9103 30.7289 95.2395 51.8003 42.4549 10.8265 79.1057 40.598 14.8792 73.4751 63.1784 48.11 192.678 32.4231 28.644 16.1337 8.91476 36.8027 25.7188 20.7915 17.1315 21.8141 11.3073 160.254
internal_count=6509 4686 1823 4379 1169 497 593 435 654 293 237 62 551 307 167 489 383 300 3882 590 563 103 58 234 140 114 89 377 66 3292
is_linear=0
shrinkage=0.05


Tree=32
num_leaves=31
num_cat=0
split_feature=37 20 20 15 23 3 2 4 36 10 15 23 27 3 34 9 14 20 2 10 35 5 3 35 37 34 15 14 4 24
split_gain=194.251 45.093 36.9735 16.8963 14.548 12.7777 11.5418 8.91179 8.35555 10.286 7.83734 9.29038 8.38168 6.21746 6.11349 5.98512 5.60277 4.9576 3.97052 6.20944 4.1925 3.84186 7.29253 3.58245 3.3238 3.24301 3.02885 3.01187 5.97915 2.70485
threshold=0.38906525075435644 0.46428571641445165 0.46428571641445165 0.8216732144355775 0.46228787302970892 0.98210361599922191 0.67136150598526012 0.90595519542694103 1.0000000180025095e-35 0.94519516825675975 0.86817279458045971 0.9894177019596101 1.0000000180025095e-35 0.84680575132370006 0.22500000149011615 9.5000000000000018 0.90346473455429088 0.81666666269302379 0.84965753555297863 0.90399384498596203 1.8688347935676577 0.14160401374101642 0.270728349685669 1.7005987167358401 0.50297299027442943 0.048809524625539787 0.69255909323692333 0.45969872176647192 0.77058029174804699 1.0000000180025095e-35
decision_type=2 2 2 2 2 2 2 2 2 2 2 2 2 2 2 2 2 2 2 2 2 2 2 2 2 2 2 2 2 2
left_child=2 5 4 6 13 10 -4 15 9 23 18 12 -12 25 -6 17 -13 29 19 -2 -20 22 -10 -5 -19 -1 -7 -16 -29 -3
right_child=1 7 3 8 14 26 -8 -9 21 -11 11 16 -14 -15 27 -17 -18 24 20 -21 -22 -23 -24 -25 -26 -27 -28 28 -30 -31
leaf_value=-0.060178178884906786 -0.04869839920143762 -0.016382183960189652 -0.050582006779637312 0.0039651212164574538 -0.048066715450539588 0.0039522827734532959 0.047070110301765139 0.055020498003104726 0.05237159636842155 0.066953684821204992 0.036616509644603903 0.011477044253926386 -0.0059406198147063235 0.041573158529352637 -0.056250414957444553 -0.020634449638306716 -0.064964042438377348 0.020528049959298911 -0.011758730921204892 0.0039667756587608129 0.045234849283036005 0.088069999166922985 -0.030801928269958864 -0.040405710698375265 0.058766039494778689 0.0089686703431258782 0.061201461954939931 -0.026286640115962032 0.047305251934793811 0.027768808850803545
leaf_weight=3.4094426445662958 15.723100531846287 5.3040123134851447 17.730064287781719 9.8728382438421303 170.06776470690966 2.8884369656443587 3.6485395655035964 105.74649457633495 11.560113430023195 4.6277881339192382 30.199842743575573 4.1274354085326177 18.755015484988689 6.9207407012581825 3.9201479479670551 5.3690741658210746 5.7179785035550594 7.9438190981745747 15.056542180478575 8.6903142370283586 4.1068415641784659 4.0935948193073264 3.4136284664273253 8.4362663552165014 19.969444945454597 3.3734599612653255 11.543867483735083 10.380923848599194 3.7596902251243582 10.026835627853869
leaf_count=48 161 23 344 59 3675 22 21 754 61 28 159 24 131 36 44 28 39 41 80 65 28 25 37 95 134 38 81 154 21 53
internal_value=-0.000619326 0.0291379 -0.0310446 0.00226929 -0.0415064 0.00569929 -0.0339164 0.0468748 0.0206865 0.000354064 -0.000509749 0.0113997 0.0203125 0.00823127 -0.0451294 0.0291557 -0.0329181 0.0353375 -0.0165797 -0.0299515 0.000455375 0.0451452 0.0334102 -0.0164796 0.0478839 -0.0257882 0.0497438 -0.0174708 -0.00672011 0.0124939
internal_weight=536.384 271.169 265.215 63.3828 201.832 116.809 21.3786 154.36 42.0042 22.9369 102.377 58.8003 48.9549 13.7036 188.129 48.6132 9.84541 43.2441 43.5768 24.4134 19.1634 19.0673 14.9737 18.3091 27.9133 6.7829 14.4323 18.0608 14.1406 15.3308
internal_count=6509 1823 4686 670 4016 790 365 1033 305 182 687 353 290 122 3894 279 63 251 334 226 108 123 98 154 175 86 103 219 175 76
is_linear=0
shrinkage=0.05


Tree=33
num_leaves=31
num_cat=0
split_feature=37 20 20 8 15 23 2 15 15 6 26 36 10 33 11 24 6 2 23 16 33 16 6 2 6 17 2 16 2 15
split_gain=180.598 44.5732 33.135 16.9104 14.6806 13.8773 11.4681 11.3967 8.89847 8.58771 8.75852 7.49389 9.51469 6.15968 5.89599 5.22122 4.20635 4.81673 4.20321 5.21687 3.87145 3.72921 3.08727 6.17277 2.96392 2.14199 1.67504 13.612 1.75054 1.62333
threshold=0.38577580451965338 0.81666666269302379 0.46428571641445165 0.90098038315773021 0.8216732144355775 0.46228787302970892 0.67136150598526012 0.9972972869873048 0.59951692819595348 0.84523808956146251 1.0000000180025095e-35 1.0000000180025095e-35 0.94519516825675975 4.5000000000000009 1.0000000180025095e-35 1.0000000180025095e-35 0.29285715520381933 0.62115561962127697 0.91445994377136242 0.5801234543323518 4.5000000000000009 0.73481681942939769 0.19090909510850909 0.24588394165039065 0.29285715520381933 0.28348214924335485 0.63859337568283092 0.35585071146488195 0.24316334724426272 0.74443343281745922
decision_type=2 2 2 2 2 2 2 2 2 2 2 2 2 2 2 2 2 2 2 2 2 2 2 2 2 2 2 2 2 2
left_child=2 3 5 7 6 14 -4 9 -5 10 -2 12 20 21 -1 -11 17 -3 -10 -20 -6 24 23 -13 -7 -16 28 -28 -15 -18
right_child=1 16 4 8 11 13 -8 -9 18 15 -12 22 -14 26 25 -17 29 -19 19 -21 -22 -23 -24 -25 -26 -27 27 -29 -30 -31
leaf_value=0.038661947877946967 -0.028208812550696974 -0.0091022279911950939 -0.050293826734327543 -0.035882683378539157 0.0037654217515665014 -0.047818602935538558 0.049143533639386838 0.055994055388873067 0.057730557669601459 -0.0037869756790149633 0.0042860601655714432 0.054709839082812475 0.064706932722448027 -0.038893285312292275 -0.043998796253928524 0.043390735164176186 0.023447953208399101 0.052821288248835932 -0.0095120515515345252 0.047154343867527218 -0.043062542775771519 0.038139044140070473 0.083257549528876665 -0.013987840297595961 -0.0032498549320025476 0.024526350768346503 -0.046889876171818362 0.10490282258650126 -0.052373240497596077 0.05810816523565792
leaf_weight=7.2382202483713609 38.427616283297539 5.496611647307871 16.95956972241402 3.7839239835739127 9.8765252083540016 7.700508516281845 3.4975286275148383 8.8301660418510419 24.035226918756962 10.223551087081434 45.043895207345486 9.89380130171776 4.4293036460876456 30.60297129675746 4.763714075088501 13.754912082105873 3.5096164345741263 7.3258188366889954 6.605911590158942 10.54542940109968 7.9797610118985167 2.6493724361062041 3.6674144864082328 4.8841221630573264 7.2352507375180721 1.4993344470858572 16.6587094552815 1.6206130310893048 113.06879644840956 90.215106084942818
leaf_count=49 275 26 344 35 59 140 20 52 155 53 328 51 27 658 53 69 24 46 35 65 94 19 22 48 58 20 352 11 2636 685
internal_value=-0.000613261 0.0280409 -0.0307972 0.0114594 0.00126489 -0.04096 -0.0332931 0.00138992 0.0374961 -0.00309742 -0.0106735 0.0186216 -0.000889941 -0.0446364 0.0079266 0.0232759 0.0531357 0.0262764 0.0442376 0.025329 -0.0171614 -0.0165308 0.0421955 0.0320052 -0.0262284 -0.0275943 -0.0476881 -0.0334322 -0.0495019 0.0568103
internal_weight=522.023 267.798 254.226 161.251 61.188 193.037 20.4571 116.28 44.9705 107.45 83.4715 40.7309 22.2856 179.536 13.5013 23.9785 106.547 12.8224 41.1866 17.1513 17.8563 17.5851 18.4453 14.7779 14.9358 6.26305 161.951 18.2793 143.672 93.7247
internal_count=6509 1848 4661 1067 665 3996 364 777 290 725 603 301 180 3874 122 122 781 72 255 100 153 217 121 99 198 73 3657 363 3294 709
is_linear=0
shrinkage=0.05


Tree=34
num_leaves=31
num_cat=0
split_feature=5 20 18 4 11 20 16 23 4 16 3 3 3 26 7 2 8 2 17 5 17 18 4 39 11 17 2 23 2 8
split_gain=168.654 57.4945 42.3788 20.3185 16.8111 12.6588 11.8643 13.456 10.3627 7.05461 7.52195 6.43435 5.83136 6.35148 5.34077 12.0056 7.24411 5.56824 4.93003 4.92008 4.89477 4.2591 4.0569 3.9956 3.35403 3.29376 1.93134 14.8591 1.78588 1.44958
threshold=0.30583900213241583 0.46428571641445165 0.81534090638160717 0.61861473321914684 1.0000000180025095e-35 0.31666667759418493 0.19625350087881091 0.46228787302970892 0.95040982961654674 0.6776927411556245 0.25677657127380377 0.89022758603096019 0.89022758603096019 1.0000000180025095e-35 0.41428571939468389 0.25723738968372351 0.56374144554138195 0.091431558132171645 0.28348214924335485 0.12613636255264285 0.8603896200656892 0.91287881135940563 0.82842725515365612 0.65808540582656871 1.5000000000000002 0.39009661972522741 0.18321678787469867 0.9900980293750764 0.095811817795038237 0.65545505285263073
decision_type=2 2 2 2 2 2 2 2 2 2 2 2 2 2 2 2 2 2 2 2 2 2 2 2 2 2 2 2 2 2
left_child=2 3 9 -2 6 21 7 -5 -8 22 -11 24 13 20 15 17 -17 -7 -13 -12 23 28 26 -3 -6 -15 27 -1 -4 -28
right_child=1 12 5 4 11 14 8 -9 -10 10 19 18 -14 25 -16 16 -18 -19 -20 -21 -22 -23 -24 -25 -26 -27 29 -29 -30 -31
leaf_value=-0.043372128477854321 0.1579444112672187 0.056795915006613268 0.0067334914797576783 0.043907589327721326 -0.037670019757865464 -0.0064183436620864108 0.0039042691215019501 -0.05067210449362855 0.042569457692101929 0.091109524717484708 -0.054524197265591247 -0.033115555213432291 0.058327961579338942 0.0014839691687174314 0.053768963352127046 -0.044857143943849723 0.049094685627614307 0.04622777027715947 0.054277071876248764 0.061309281781547154 0.057794523940693093 0.020578197371995607 0.030071857903881494 0.0063263465138544729 -0.00053138346586909836 0.057608270807108231 -0.051618529182994581 0.15970824571131284 -0.054304374114402088 -0.022185817360088247
leaf_weight=21.411086164414886 2.0692048817872992 4.6531758122146156 1.3380254432559002 5.3253818154335049 34.027928501367569 7.2151991277933147 35.937519021332264 12.798595719039438 33.466520994901657 1.8225753866136063 3.8940088115632534 2.5948586650192729 68.166861273348331 2.8397928178310385 7.9020160362124434 11.521201267838476 2.4962336570024481 16.527469038963318 4.2681821137666702 1.1990079246461389 8.2588225454092008 2.756098970770835 1.6621018350124348 24.943008311092854 7.4016923047602168 32.899161070585251 131.99207392707467 0.94029311835765739 11.482000835239885 4.320262733846902
leaf_count=476 10 25 15 28 374 36 207 232 183 21 71 33 552 21 42 124 12 90 23 10 58 27 24 131 82 239 3080 18 212 53
internal_value=-0.000605814 0.0254315 -0.0324746 0.00244428 7.52659e-05 0.00311158 0.0131416 -0.0228817 0.0225486 -0.045505 0.00393988 -0.0236067 0.0477911 0.0380313 0.0163888 0.00856624 -0.0281261 0.0302291 0.0212346 -0.0272545 0.0237589 -0.0358111 -0.0476378 0.0142613 -0.0310349 0.0531487 -0.0484519 -0.0348288 -0.0479339 -0.0506857
internal_weight=508.13 279.651 228.48 137.89 135.821 61.2382 87.528 18.124 69.404 167.241 6.91559 48.2927 141.761 73.594 45.6621 37.7601 14.0174 23.7427 6.86304 5.09302 37.855 15.5761 160.326 29.5962 41.4296 35.739 158.664 22.3514 12.82 136.312
internal_count=6509 2198 4311 1172 1162 558 650 260 390 3753 102 512 1026 474 304 262 136 126 56 81 214 254 3651 156 456 260 3627 494 227 3133
is_linear=0
shrinkage=0.05


Tree=35
num_leaves=31
num_cat=0
split_feature=35 20 4 39 23 18 7 15 3 6 8 22 39 3 8 11 3 35 36 22 8 24 35 22 15 3 35 16 4 8
split_gain=156.557 59.4043 32.7418 22.5986 18.5995 13.1659 10.8582 9.87112 10.6006 8.92624 5.75978 5.71996 8.35874 5.48169 7.27481 5.41492 3.42695 2.95507 2.90994 4.67955 4.78499 2.53678 1.98175 1.85677 1.44879 1.51944 0.866907 0.800274 0.635922 3.01314
threshold=2.1383330821990971 0.93750000000000011 0.91024166345596325 0.73539844155311596 0.46228787302970892 0.94868421554565441 0.41428571939468389 0.59317129850387584 0.97332859039306652 0.57738095521926891 0.48528139293193823 11.500000000000002 0.24999956041574481 0.1490740776062012 0.53001201152801525 1.0000000180025095e-35 0.84273937344551098 1.4978661537170412 1.0000000180025095e-35 1.0000000180025095e-35 0.64218327403068554 2.5000000000000004 3.5694335699081425 2.5000000000000004 0.73357313871383678 0.54085850715637218 3.0677825212478642 0.77888888120651256 0.18561584502458575 0.11189358308911325
decision_type=2 2 2 2 2 2 2 2 2 2 2 2 2 2 2 2 2 2 2 2 2 2 2 2 2 2 2 2 2 2
left_child=1 2 5 4 15 11 13 21 9 -9 -7 12 -1 23 17 26 -13 -15 28 -20 -21 -4 -17 -3 -8 -26 -2 -16 29 -6
right_child=3 6 7 -5 18 10 24 8 -10 -11 -12 16 -14 14 27 22 -18 -19 19 20 -22 -23 -24 -25 25 -27 -28 -29 -30 -31
leaf_value=0.035260557573230947 0.067658590627355353 0.066243089232499094 -0.05484924465886111 0.071231638099474304 -0.05317257269903513 -0.0019892278079817935 0.026424588115698422 0.069010375097618135 0.06185207167523972 0.013286396616424698 0.072751934595924092 -0.048525159410076006 -0.020153029573946525 0.019740602041595806 0.062332700198361173 0.0024767923329701083 0.028467525555342366 -0.037172161726501861 0.028030362594999293 -0.047821236735280333 -0.0063503552366588395 0.018189920427438871 -0.059349859577772973 0.022667125679626445 0.09046290024939474 0.056146064337099247 0.031527134337361616 0.027865090976086655 -0.052636662394357117 0.0033960831269030513
leaf_weight=7.579567737877368 2.9240142181515676 6.4135622903704661 4.5918634086847296 4.5364302918314925 11.186396114528177 4.8064020015299302 3.930535238236188 8.1736469902098161 19.504143759608269 59.512695163488388 5.5588858127593994 21.027635972946886 66.620833817869425 3.1979569680988806 3.340812236070632 3.7444227300584316 1.551937624812125 7.9528487734496593 2.6631485447287551 37.538032963871956 8.5375597476959211 1.6040976047515867 1.9822265170514581 3.9502436518669128 3.3528829142451277 84.95426344871521 3.8407205045223236 3.3958603665232658 93.402037546038628 2.9813951551914206
leaf_count=77 21 33 72 26 255 38 29 52 150 339 31 308 757 20 22 38 10 73 39 880 129 10 30 22 19 696 27 21 2226 59
internal_value=-0.00060377 0.0200721 0.00339988 -0.0388958 -0.0418554 -0.015462 0.0478201 0.0250407 0.0293742 0.0200155 0.0380943 -0.021198 -0.0144925 0.0206988 0.00393419 0.0168557 -0.0432333 -0.0208501 -0.0465473 -0.0364122 -0.0401369 -0.0359398 -0.0189239 0.0496338 0.056127 0.057449 0.0471447 0.0449581 -0.0511394 -0.0412686
internal_weight=494.357 321.021 200.532 173.336 168.8 107.145 120.489 93.3864 87.1905 67.6863 10.3653 96.78 74.2004 28.2513 17.8875 12.4914 22.5796 11.1508 156.309 48.7387 46.0756 6.19596 5.72665 10.3638 92.2377 88.3071 6.76473 6.73667 107.57 14.1678
internal_count=6509 2779 1844 3730 3704 1221 935 623 541 391 69 1152 834 191 136 116 318 93 3588 1048 1009 82 68 55 744 715 48 43 2540 314
is_linear=0
shrinkage=0.05


Tree=36
num_leaves=31
num_cat=0
split_feature=5 20 18 17 9 20 15 9 2 36 15 17 6 6 26 9 21 33 20 15 18 17 15 17 19 37 39 11 8 20
split_gain=147.28 51.5918 39.1171 16.0692 11.3796 11.0295 10.0085 7.64606 6.32551 6.31131 5.7284 11.2401 5.72825 5.38062 6.57352 5.51405 5.50466 4.26696 4.82471 4.18404 4.09483 3.95604 3.77848 3.36583 2.81745 2.33237 2.98067 2.30137 2.09813 1.97543
threshold=0.30583900213241583 0.46428571641445165 0.81534090638160717 0.23431372642517093 4.5000000000000009 0.31666667759418493 1.0000000180025095e-35 3.5000000000000004 0.96362435817718517 1.0000000180025095e-35 0.82985961437225353 0.54006412625312816 0.64583334326744091 0.81666666269302379 1.0000000180025095e-35 7.5000000000000009 0.75000000000000011 7.5000000000000009 0.93750000000000011 0.92705100774765026 0.91287881135940563 0.89181286096572887 0.81023570895195018 0.41421568393707281 0.87921562790870678 0.42982311546802526 0.23068937659263614 1.0000000180025095e-35 0.087595909833908095 0.35416667163372045
decision_type=2 2 2 2 2 2 2 2 2 2 2 2 2 2 2 2 2 2 2 2 2 2 2 2 2 2 2 2 2 2
left_child=2 3 17 6 8 20 -2 19 12 29 27 -12 -5 14 15 16 -3 18 25 -7 28 -11 -20 -16 -21 26 -1 -6 -4 -9
right_child=1 13 5 4 10 7 -8 9 -10 21 11 -13 -14 -15 23 -17 -18 -19 22 24 -22 -23 -24 -25 -26 -27 -28 -29 -30 -31
leaf_value=-0.0061934496290222719 0.027459243145118141 0.075630156064653342 0.017887331996945973 0.033069683141383865 -0.007760831817565113 0.081802770603938424 -0.043055414235256675 0.017054840500763998 0.057910962900903674 0.0061485686718548279 0.041884320730202582 -0.028758775372533199 0.0017933564057163725 0.056382633834697972 0.0029888167724073616 -0.017384416906982534 0.019996329695265488 -0.049508692188524689 -0.025520248677816243 0.0055963318887634859 0.020517686197155369 0.070383376449193971 0.066870792028667789 0.057401912637692981 0.050444130740218897 4.1309939282875186e-05 -0.048615010927695823 -0.059030262040620986 -0.053973945182714533 -0.031629146255293353
leaf_weight=4.9817402288317707 6.2870870679616955 5.5945006981492069 1.1209427565336216 28.06074134260416 3.1606114283204061 4.5066428929567364 25.20968334376812 2.5058362297713765 11.101395912468432 7.6085356287658215 9.884255666285755 13.084905564785002 30.608497597277164 65.548392817378044 3.1404424197971812 7.3495114818215361 21.662621922791004 116.76656108349562 2.3054722025990477 7.5319080092012864 2.7426086701452723 3.4993787705898285 2.1280910074710846 29.906175918877125 6.5452045351266861 3.8254125341773024 24.529079165309668 7.1187810190021992 10.822871055454014 12.36821226403117
leaf_count=96 33 30 12 167 27 28 467 26 84 54 70 91 157 554 26 39 139 3023 27 46 27 21 17 238 36 31 559 76 215 93
internal_value=-0.000595274 0.024116 -0.0315401 0.00227413 0.0118297 0.00300013 -0.0289799 0.0153839 0.0233013 -0.00213147 -0.012243 0.00164087 0.0167524 0.0461734 0.0362817 0.0210514 0.0314151 -0.0447834 -0.0301751 0.0398721 -0.0345782 0.0263848 0.018827 0.052231 0.0264485 -0.0366921 -0.0414538 -0.0432664 -0.0472297 -0.0234273
internal_weight=481.506 267.718 213.788 134.516 103.019 59.2521 31.4968 44.5657 69.7706 25.982 33.2486 22.9692 58.6692 133.202 67.6533 34.6066 27.2571 154.536 37.7698 18.5838 14.6864 11.1079 4.43356 33.0466 14.0771 33.3362 29.5108 10.2794 11.9438 14.874
internal_count=6509 2198 4311 1172 672 558 500 304 408 194 264 161 324 1026 472 208 169 3753 730 110 254 75 44 264 82 686 655 103 227 119
is_linear=0
shrinkage=0.05


Tree=37
num_leaves=31
num_cat=0
split_feature=5 20 17 17 3 26 8 14 9 10 16 23 9 3 26 17 11 10 9 17 39 15 10 20 17 3 10 16 2 39
split_gain=136.95 48.7009 34.7467 14.826 12.3895 10.4894 10.1895 9.3723 7.58761 13.0472 7.54772 7.301 7.03739 6.28394 6.18324 6.00718 4.93314 4.84741 4.95699 4.6937 3.71375 3.49977 3.31088 3.7293 3.15908 2.94208 2.27884 7.08053 2.22247 0.500691
threshold=0.30583900213241583 0.46428571641445165 0.63397127389907848 0.23431372642517093 0.98210361599922191 1.0000000180025095e-35 0.48528139293193823 1.0000000180025095e-35 3.5000000000000004 0.47913043200969702 0.68217894434928905 0.53490260243415844 4.5000000000000009 0.89022758603096019 1.0000000180025095e-35 0.57518798112869274 1.5000000000000002 0.43826219439506536 18.500000000000004 0.8603896200656892 0.65808540582656871 0.9745212495326997 0.92637759447097789 0.70833334326744091 0.39009661972522741 0.76384064555168163 0.92637759447097789 0.19625350087881091 0.18321678787469867 0.82041069865226757
decision_type=2 2 2 2 2 2 2 2 2 2 2 2 2 2 2 2 2 2 2 2 2 2 2 2 2 2 2 2 2 2
left_child=2 3 10 7 11 8 17 -2 22 -10 21 -5 -13 14 19 -12 -11 18 -7 20 -3 25 -4 -24 -16 28 -9 -28 -1 -26
right_child=1 13 5 4 -6 6 -8 26 9 16 15 12 -14 -15 24 -17 -18 -19 -20 -21 -22 -23 23 -25 29 -27 27 -29 -30 -31
leaf_value=-0.03189331334752725 0.026242073837563568 0.053183035175632602 0.080016289358308207 0.072027628846388941 0.061114998712930926 0.070555534334347636 0.052726267597798408 -0.053062104928249101 0.076823765320292309 -0.052852456484984579 0.07427093193960807 0.012957184270210345 -0.016521817680867926 0.057010735442739019 -0.00018703872216557088 -0.0421548965614649 0.006870747886010331 -0.051855981241732435 -0.040669262464791689 0.055898779416821698 0.0038246004502759225 0.033442126717986818 -0.0081714209209740717 0.058968631630830215 0.061373252979974535 0.04829190989279062 -0.045748905718582492 0.067410783112243355 -0.049036610649186164 0.048262513742003688
leaf_weight=22.314659416675568 6.2507102042436626 4.5203053057193783 5.4340450614690807 3.914992429316043 11.122650906443594 1.8445944860577643 3.6948333717882624 16.379466243088249 4.2703382894396809 6.9544279351830465 2.4153107330203047 55.667745772749186 31.816502846777439 60.531887046992779 2.7751520983874789 2.046832911670208 6.876489520072937 14.372461453080176 2.1923153586685658 7.5334831625223151 24.283890560269356 1.4036472439765919 3.6412879750132543 4.7876331135630608 16.559515610337261 0.82461951673030753 6.1850162893533698 1.7802552431821821 123.74274795129895 12.997944250702856
leaf_count=517 33 25 31 20 88 18 21 328 24 56 29 305 259 552 21 31 43 229 32 58 131 15 20 30 130 5 125 14 3210 109
internal_value=-0.00058899 0.0233982 -0.0310136 0.00217351 0.0112891 0.00343329 -0.0230498 -0.0283718 0.0217471 0.00042823 -0.0432068 0.00522563 0.00223618 0.045266 0.0349132 0.0208652 -0.0231591 -0.0382583 0.0101529 0.0207606 0.0115705 -0.0451348 0.0495837 0.0299642 0.0508188 -0.0458857 -0.0423943 -0.0204575 -0.0464175 0.0556078
internal_weight=469.136 262.32 206.816 133.117 102.522 54.0684 22.1042 30.5954 31.9642 18.1013 152.748 91.3992 87.4842 129.202 68.6703 4.46214 13.8309 18.4094 4.03691 36.3377 28.8042 148.286 13.863 8.42892 32.3326 146.882 24.3447 7.96527 146.057 29.5575
internal_count=6509 2198 4311 1172 672 504 300 500 204 123 3807 584 564 1026 474 60 99 279 50 214 156 3747 81 50 260 3732 467 139 3727 239
is_linear=0
shrinkage=0.05


Tree=38
num_leaves=31
num_cat=0
split_feature=33 20 4 37 23 9 5 10 39 5 5 18 16 15 11 18 36 22 34 8 36 15 37 33 8 17 4 15 37 7
split_gain=129.012 51.3014 27.6235 20.025 16.6185 14.9125 11.2346 11.0933 9.99195 8.13406 6.1994 6.25201 5.71891 4.86759 4.57338 3.35772 3.33539 5.2327 7.39419 4.63656 2.21329 2.12352 1.95928 1.87197 1.73362 1.7058 1.60697 1.49609 1.66998 1.20193
threshold=7.5000000000000009 0.81666666269302379 0.91024166345596325 0.56115964055061351 0.46228787302970892 5.5000000000000009 0.12262799963355066 0.97722566127777111 0.37341931462287908 0.60922586917877208 0.59729731082916271 0.97916665673255932 0.44487847387790685 0.83388519287109386 1.0000000180025095e-35 0.97916665673255932 1.0000000180025095e-35 1.0000000180025095e-35 0.054093567654490478 0.64218327403068554 1.0000000180025095e-35 0.9148806929588319 0.088032647967338576 34.500000000000007 0.81375637650489818 0.2709790319204331 0.94804319739341747 0.71383076906204235 0.35604874789714819 0.41428571939468389
decision_type=2 2 2 2 2 2 2 2 2 2 2 2 2 2 2 2 2 2 2 2 2 2 2 2 2 2 2 2 2 2
left_child=1 2 5 4 14 9 8 10 20 12 13 -12 -1 -4 -2 24 -6 18 -18 -19 22 -11 -3 -16 -7 -9 -27 -8 -29 -30
right_child=3 6 7 -5 16 15 27 25 -10 21 11 -13 -14 -15 23 -17 17 19 -20 -21 -22 -23 -24 -25 -26 26 -28 28 29 -31
leaf_value=-0.022898714777429122 0.044406287233836238 0.040856766254424429 -0.010604505248717625 0.073401734350355963 -0.050655517953424482 -0.044834897769466329 0.021067841608494765 0.012591510390226775 -0.042952104344919237 -0.070572177924513618 -0.0019706453256392604 0.057017552644981734 0.016180191537358897 0.062760964108413461 0.0029520664306175856 0.017463377965843199 -0.055650122099967982 -0.046879906863055695 0.10538299048228945 -0.0049032483986209442 0.056803059337742358 -0.019225307449812518 -0.010087457180522352 -0.059459882163056504 0.0040746201785634715 0.028136851521159346 0.060482016047696409 0.098566308323573257 0.03401191254060066 0.055161979425429733
leaf_weight=12.050970587879418 6.5031190477311593 3.9595810920000094 3.0365517362952223 3.9577883258461943 95.050387103110552 35.769562963396311 3.4985524266958228 2.7529150992631939 5.9073252640664569 4.264952462166546 45.346841394901276 4.9857612848281851 41.956977348774672 8.8502248749136907 3.6118122935295105 2.5014695264399043 1.3209147565066808 33.21312216296792 1.548556502908468 8.203170817345379 6.2381166592240334 3.8144754320383072 3.6062100417912006 1.8002951294183729 1.9084581583738316 4.7803032919764545 19.521067805588245 2.0903292447328559 7.3550329878926268 77.472154013812542
leaf_count=171 48 21 38 23 2541 650 27 26 66 27 282 34 317 51 38 23 26 880 14 130 35 20 22 30 11 26 165 15 48 704
internal_value=-0.000581612 0.0184765 0.00284188 -0.0376234 -0.0405285 -0.0148989 0.0456692 0.0231647 0.0114661 0.000460621 0.0115424 0.00387251 0.00746039 0.0440193 0.0161471 -0.0386333 -0.0453751 -0.0340418 0.031254 -0.0385657 0.0347541 -0.0463302 0.0165744 -0.0178088 -0.0423575 0.0498937 0.0541194 0.0531257 0.0544161 0.0533281
internal_weight=456.877 301.668 191.541 155.209 151.251 102.267 110.127 89.2737 19.7112 62.0874 62.2194 50.3326 54.0079 11.8868 11.9152 40.1795 139.336 44.2858 2.86947 41.4163 13.8039 8.07943 7.56579 5.41211 37.678 27.0543 24.3014 90.4161 86.9175 84.8272
internal_count=6509 2779 1841 3730 3707 1219 938 622 144 535 405 316 488 89 116 684 3591 1050 40 1010 78 47 43 68 661 217 191 794 767 752
is_linear=0
shrinkage=0.05


Tree=39
num_leaves=31
num_cat=0
split_feature=33 20 4 37 23 5 18 2 11 3 3 14 8 18 22 2 3 11 3 36 22 8 20 23 33 23 15 37 7 33
split_gain=120.536 48.4164 25.3146 18.665 15.8492 10.6688 10.5741 9.76174 8.19003 8.26999 7.46286 5.48736 5.36487 5.25626 5.25108 6.65552 4.73391 4.16806 3.55017 3.35968 4.8896 4.55485 2.74179 2.52903 1.78688 1.76675 1.51345 1.53395 1.26773 0.909239
threshold=7.5000000000000009 0.93750000000000011 0.91024166345596325 0.56115964055061351 0.46228787302970892 0.12262799963355066 0.94868421554565441 0.25723738968372351 1.0000000180025095e-35 0.76689496636390697 0.89022758603096019 0.75694981217384349 0.48528139293193823 0.83974358439445507 11.500000000000002 0.18321678787469867 0.98210361599922191 1.0000000180025095e-35 0.84680575132370006 1.0000000180025095e-35 1.0000000180025095e-35 0.64218327403068554 0.31666667759418493 0.92820322513580333 34.500000000000007 0.98657658696174633 0.71383076906204235 0.35604874789714819 0.41428571939468389 20.500000000000004
decision_type=2 2 2 2 2 2 2 2 2 2 2 2 2 2 2 2 2 2 2 2 2 2 2 2 2 2 2 2 2 2
left_child=1 2 6 4 17 7 14 23 13 11 -11 -10 -8 16 15 -1 -4 29 -16 -6 22 -22 -21 -3 -19 -25 -7 -28 -29 -2
right_child=3 5 8 -5 19 26 12 -9 9 10 -12 -13 -14 -15 18 -17 -18 24 -20 20 21 -23 -24 25 -26 -27 27 28 -30 -31
leaf_value=0.030214800741242227 0.06437872778521804 0.0026112532927402231 0.013585335516470976 0.070669343691885697 -0.050425842200307783 0.020103288086057675 -0.0035555356343894883 -0.044302467743191479 0.0048559467561162129 -0.029184796197042007 0.033424542327114413 0.098397211586928837 0.070416632754350325 0.058456735939977703 -0.047374395652432622 -0.018583325974001707 0.050102444786258915 0.0028016797452102269 0.035864905580294579 -0.020990332251995768 -0.046505533596496208 -0.0046726556217982626 0.077010956618566176 0.074304903864530814 -0.059063132059626912 0.030295250255169048 0.096724020031849101 0.032734750686988778 0.054623686073887436 0.026401407853367448
leaf_weight=7.8623974882066241 2.7432852536439878 4.3749112114310291 30.225428495556116 3.9065889939665785 90.816220760345459 3.4834876060485831 4.7064151801168901 5.6001139655709258 3.0879558697342899 17.468855995684866 6.5419987402856341 3.1848319917917252 5.1150128543376923 15.296630546450613 19.243551153689626 62.786544539034367 12.564147293567656 3.6153083480894566 1.3722983300685871 1.3788607455790036 31.841258369386196 8.1782464012503606 1.4794418998062608 3.9113927334547025 1.7237069867551325 5.4690303057432175 2.0252967029809943 7.2623009458184233 74.191418722271919 3.7040852420032024
leaf_count=83 21 23 160 23 2541 27 38 68 30 133 47 21 31 119 309 751 113 38 9 27 880 130 13 23 30 29 15 48 702 27
internal_value=-0.000573909 0.0179165 0.00276218 -0.0371833 -0.0400795 0.044921 -0.0143265 0.011348 0.0223099 0.00122878 -0.0121263 0.0523489 0.0349693 0.0333006 -0.0196314 -0.0131527 0.0243077 0.0155029 -0.0418336 -0.0449796 -0.0334443 -0.0379567 0.0297346 0.0340046 -0.0171714 0.0486461 0.0523934 0.0537408 0.0526721 0.0425603
internal_weight=445.161 295.774 189.456 149.387 145.48 106.318 101.086 19.3554 88.3698 30.2836 24.0109 6.27279 9.82143 58.0862 91.2648 70.6489 42.7896 11.7864 20.6158 133.694 42.8778 40.0195 2.8583 13.7553 5.33902 9.38042 86.9625 83.479 81.4537 6.44737
internal_count=6509 2779 1844 3730 3707 935 1221 143 623 231 180 51 69 392 1152 834 273 116 318 3591 1050 1010 40 75 68 52 792 765 750 48
is_linear=0
shrinkage=0.05


Tree=40
num_leaves=31
num_cat=0
split_feature=33 4 9 2 15 18 21 6 17 22 2 15 9 3 36 5 36 23 18 9 19 4 23 2 3 18 22 6 27 5
split_gain=112.584 36.3491 21.1132 17.4346 12.236 12.1789 11.8719 8.85883 8.745 7.04531 6.76994 6.54384 7.40827 6.99506 4.96383 8.55975 4.35972 3.7271 3.69231 4.58165 3.8641 3.54466 3.35443 3.2255 2.87856 2.84468 2.51858 2.38678 1.85757 2.66359
threshold=7.5000000000000009 0.91024166345596325 5.5000000000000009 0.63859337568283092 0.69459062814712536 0.73030304908752453 1.0000000180025095e-35 0.6904762089252473 0.76696833968162548 26.500000000000004 0.74352160096168529 0.59317129850387584 4.5000000000000009 0.76689496636390697 1.0000000180025095e-35 0.45080643892288214 1.0000000180025095e-35 0.98787835240364086 0.79285714030265819 1.0000000180025095e-35 0.79431909322738659 0.95040982961654674 0.93305322527885448 0.86391696333885204 0.88047617673873912 0.90454545617103588 16.500000000000004 0.6904762089252473 1.0000000180025095e-35 0.48331478238105779
decision_type=2 2 2 2 2 2 2 2 2 2 2 2 2 2 2 2 2 2 2 2 2 2 2 2 2 2 2 2 2 2
left_child=1 2 5 25 9 14 11 17 27 28 16 26 21 -14 24 -16 -6 -7 19 -8 -21 -13 -10 -11 -1 -2 -3 -4 -5 -30
right_child=3 6 8 4 10 7 18 -9 22 23 -12 12 13 -15 15 -17 -18 -19 -20 20 -22 -23 -24 -25 -26 -27 -28 -29 29 -31
leaf_value=-0.044803893216487041 -0.04802802720438986 -0.054439034686396603 -0.038507041778671855 -0.051352302798415052 -0.057832119495863435 0.037494600819796213 0.056719907641055702 -0.039680545064434053 -0.023664104852375901 -0.020721016185721728 0.071470014897378642 0.0097392563263831722 0.054678728311212621 -0.02082664498450737 0.05796650543314992 -0.027800304317080821 0.031236703564311404 0.0077999457020413616 0.05095156395062185 0.026371592072283519 -0.037044281613686857 0.047610332252989655 0.030031930512465672 0.05480765905765949 0.030308622792112955 -0.0066263505699755247 0.02303986015956043 0.027586713534149307 -0.052381441942691856 0.05401129618871861
leaf_weight=11.645712617784737 105.61217462457716 4.1647417657077304 39.933644816279411 13.86856958456338 2.2641887404024583 47.256962761282921 7.124165907502177 4.8027277141809455 4.4897510111331931 2.6047578155994406 6.2126395292580128 8.5571215674281138 3.9689145758748081 13.504962958395479 4.9923793077468872 6.971530482172966 3.4939439482986927 13.610513322055338 73.591849461197853 7.1351640187203866 3.6212112903594971 22.230324119329453 8.2586062029004079 3.0909752398729324 1.4324195832014091 4.3186017535626879 1.4019706621766088 1.4143181368708599 1.2788024954497808 1.0894557423889635
leaf_count=178 3198 72 703 316 27 347 71 33 32 22 39 42 31 96 51 43 25 108 687 50 21 137 48 20 8 40 8 13 31 12
internal_value=-0.000564816 0.0173677 -0.000360789 -0.0367342 -0.00538814 0.0143827 0.0350363 0.0256961 -0.0250837 -0.0275795 0.0352704 0.0164052 0.0223261 -0.0036768 -0.0152854 0.00798904 -0.00378656 0.0308546 0.0459999 0.0256202 0.00502218 0.0370844 0.0111211 0.0202671 -0.036577 -0.0464016 -0.0349261 -0.0362463 -0.0443637 -0.00343822
internal_weight=433.943 290.109 144.809 143.834 33.9033 90.7122 145.3 65.6702 54.0963 21.9326 11.9708 53.828 48.2613 17.4739 25.042 11.9639 5.75813 60.8675 91.4724 17.8805 10.7564 30.7874 12.7484 5.69573 13.0781 109.931 5.56671 41.348 16.2368 2.36826
internal_count=6509 2779 1564 3730 492 768 1215 488 796 401 91 386 306 127 280 94 52 455 829 142 71 179 80 42 186 3238 80 716 359 43
is_linear=0
shrinkage=0.05


Tree=41
num_leaves=31
num_cat=0
split_feature=33 20 9 8 6 15 5 3 38 14 24 22 8 8 3 10 16 10 8 39 39 15 16 38 23 20 26 3 15 39
split_gain=105.121 44.5245 22.4935 16.8215 11.8431 11.2943 10.2631 9.17215 8.82898 6.86558 10.1798 6.60426 5.66712 4.48909 8.58002 5.12518 3.01484 10.282 2.93899 2.72721 2.48617 2.32872 4.42719 2.21015 1.95848 3.92775 1.93244 2.24339 1.4947 1.42543
threshold=7.5000000000000009 0.93750000000000011 4.5000000000000009 0.63702240586280834 0.84523808956146251 0.69459062814712536 0.12262799963355066 0.98210361599922191 0.25723738968372351 0.97688889503479015 1.0000000180025095e-35 26.500000000000004 0.74464204907417308 0.63702240586280834 0.76689496636390697 0.32037734985351568 0.68217894434928905 0.47913043200969702 0.86391696333885204 0.75488325953483593 0.6517729163169862 0.97972881793975841 0.91366460919380199 0.47478812932968145 0.4451137930154801 0.31666667759418493 1.0000000180025095e-35 0.76689496636390697 0.71383076906204235 0.57241806387901317
decision_type=2 2 2 2 2 2 2 2 2 2 2 2 2 2 2 2 2 2 2 2 2 2 2 2 2 2 2 2 2 2
left_child=1 2 7 16 13 11 8 9 21 10 -1 26 20 15 -15 -4 24 -18 -13 -6 -7 -3 -23 -9 25 -2 27 -5 -8 -30
right_child=3 6 4 5 19 12 28 23 -10 -11 -12 18 -14 14 -16 -17 17 -19 -20 -21 -22 22 -24 -25 -26 -27 -28 -29 29 -31
leaf_value=-0.014081541898461031 -0.053355809556253714 0.056367052098872855 0.043795227162420007 -0.052188676324625663 0.065698122665985056 0.037355615727181532 0.018869118706212593 0.0077396088478401126 -0.043557759515091055 0.073773699641351873 0.020684709605194158 -0.019407778757626289 0.070611472732755018 0.019592624791026449 -0.033611617439784296 -0.045005250188284142 0.087979404344657119 -0.051117273284723354 0.053575337516859722 0.011683820095271262 -0.029450572381639478 -0.023270863723149293 0.051837641771370083 0.058376527373642628 -0.049335910445970577 0.063447701446673915 -0.050968327574985699 0.049058200661686875 0.095596154601542471 0.051663414345302264
leaf_weight=33.801663305610418 1.8788728639483445 5.6935366764664668 1.7172929327935005 1.0653530638664972 3.6733068116009218 2.4891913458704931 3.4013916403055182 2.5413768179714706 5.4065393023192874 4.0955950468778601 55.836144311353564 2.5490965954959384 5.7093169763684273 12.069636352360247 20.36074435338378 30.190839363262057 1.8205398246645916 4.9163757916539907 3.0061414390802383 6.4233710467815399 3.1612842157483101 3.9156390801072121 3.9322237446904182 14.170252867043017 96.504150344058871 1.1666311807930467 12.977802572771907 1.1247277557849882 1.8922250270843495 76.116593569517136
leaf_count=238 43 32 34 28 21 23 27 26 68 23 446 21 36 93 158 632 20 80 20 33 26 21 22 140 3100 12 309 12 15 750
internal_value=-0.000559802 0.0167881 0.00223367 -0.0363213 -0.0190104 -0.00459028 0.0436005 0.0165512 0.0104575 0.0104672 0.00757465 -0.0265547 0.0354784 -0.0269111 -0.0138106 -0.040226 -0.0458994 -0.0135287 0.020086 0.0313349 -2.05919e-05 0.0320236 0.0143628 0.0506761 -0.0480901 -0.00861227 -0.0436369 -0.000192799 0.0513144 0.0527291
internal_weight=423.608 285.238 184.88 138.369 74.4352 32.0829 100.358 110.445 18.9479 93.7334 89.6378 20.7231 11.3598 64.3385 32.4304 31.9081 106.287 6.73692 5.55524 10.0967 5.65048 13.5414 7.84786 16.7116 99.5497 3.0455 15.1679 2.19008 81.4102 78.0088
internal_count=6509 2779 1844 3730 971 475 935 873 143 707 684 390 85 917 251 666 3255 100 41 54 49 75 43 166 3155 55 349 40 792 765
is_linear=0
shrinkage=0.05


Tree=42
num_leaves=31
num_cat=0
split_feature=33 20 9 8 4 4 7 8 17 11 3 36 9 7 17 24 14 3 2 24 36 16 2 24 37 39 14 17 5 9
split_gain=98.2404 41.9754 20.576 16.1848 13.0216 10.5863 9.91719 9.23819 8.8234 8.14335 7.07067 6.99916 7.64624 6.87706 5.90761 5.23837 4.10026 4.04572 6.37612 3.83799 3.01686 2.9928 3.8565 2.46285 2.41368 2.73214 2.565 2.19391 2.06604 1.83562
threshold=7.5000000000000009 0.93750000000000011 4.5000000000000009 0.63702240586280834 0.95040982961654674 0.56773442029953014 0.41428571939468389 0.65545505285263073 0.47913043200969702 1.0000000180025095e-35 0.76689496636390697 1.0000000180025095e-35 2.5000000000000004 0.81666666269302379 0.17752101272344592 1.0000000180025095e-35 0.64536544680595409 0.1490740776062012 0.68356868624687206 1.5000000000000002 1.0000000180025095e-35 0.68217894434928905 0.29925373196601873 5.5000000000000009 0.45322000980377203 0.68888017535209667 0.4084611982107163 0.35504202544689184 0.64785373210906994 5.5000000000000009
decision_type=2 2 2 2 2 2 2 2 2 2 2 2 2 2 2 2 2 2 2 2 2 2 2 2 2 2 2 2 2 2
left_child=1 2 4 21 8 -5 17 24 13 16 -11 23 28 -1 -6 -10 -9 29 20 -16 -19 -2 -23 -7 26 -26 -4 -14 -13 -3
right_child=3 6 7 5 14 11 -8 9 15 10 -12 12 27 -15 19 -17 -18 18 -20 -21 -22 22 -24 -25 25 -27 -28 -29 -30 -31
leaf_value=-0.0036839974704878293 -0.047854787701443087 0.062227032885632617 0.026683187625131805 0.097705648251927069 -0.03092902244359574 -0.046807502351316199 0.052399109419765902 0.073782483819928177 -0.0030665399820770448 0.020103755032946657 -0.034771752271577826 0.078005943521873983 -0.038463860119281976 -0.061391670214515096 0.033356631662698373 0.030921650768291793 0.012059145546788826 -0.039679916732477317 0.060006305745702149 0.068400910335133763 0.0091916783219922818 0.030668190991745475 -0.046320618225869588 0.0096193455347275796 0.026632647715849889 -0.044439074476559912 -0.047392233970325874 0.020743827288064745 0.023049951690647712 0.018310694960465192
leaf_weight=16.501352820545439 95.152257777750492 5.16278123855591 1.2231314126402164 2.3444973677396801 2.8368568383157244 11.969391107559202 71.422641605138779 3.8399013318121424 20.558199539780617 8.5140235945582408 18.902777146548033 3.36841094866395 5.6958712376654148 7.5133484937250605 25.885093040764332 25.27294147759676 8.989721052348612 6.4289426729083079 3.569191798567771 11.190440006554125 6.2061093766242266 2.8602360300719729 3.7712839003652334 2.3064001388847837 2.8098614960908881 2.606670506298542 26.229665936902165 2.15714181214571 3.4740475006401539 4.4135274365544319
leaf_count=202 3155 33 29 12 37 263 744 26 144 67 151 31 92 55 186 163 48 60 31 86 45 36 64 23 19 22 609 14 40 22
internal_value=-0.000553282 0.016254 0.00214182 -0.0359202 0.0158305 -0.00448674 0.042804 -0.018407 0.00281177 -0.00234538 -0.0177307 -0.0127567 0.0114658 -0.0217387 0.0386129 0.0156758 0.0305329 0.0162215 0.000994719 0.043934 -0.0156751 -0.0455914 -0.0131146 -0.0376912 -0.0380735 -0.00757015 -0.0440919 -0.0222001 0.0501037 0.0419869
internal_weight=413.177 280.077 182.874 133.1 109.758 31.3158 97.2032 73.1158 69.8458 40.2464 27.4168 28.9713 14.6955 24.0147 39.9124 45.8311 12.8296 25.7806 16.2042 37.0755 12.6351 101.784 6.63152 14.2758 32.8693 5.41653 27.4528 7.85301 6.84246 9.57631
internal_count=6509 2779 1844 3730 873 475 935 971 564 292 218 463 177 257 309 307 74 191 136 272 105 3255 100 286 679 41 638 106 71 55
is_linear=0
shrinkage=0.05


Tree=43
num_leaves=31
num_cat=0
split_feature=34 20 4 8 9 5 4 10 5 2 22 18 15 23 37 1 18 4 36 18 20 9 4 4 36 18 10 4 4 19
split_gain=91.6332 39.5972 19.406 15.6565 11.4985 9.87728 9.72113 9.40717 9.04893 7.86135 7.34738 5.64683 5.03671 8.34416 4.83175 4.76734 4.09077 3.40988 3.20967 2.99337 2.95379 2.54112 2.19208 4.45856 2.15979 1.99424 1.99297 1.64217 1.53884 4.15411
threshold=0.13392857462167743 0.81666666269302379 0.91024166345596325 0.63702240586280834 3.5000000000000004 0.12262799963355066 0.56773442029953014 0.97722566127777111 0.60922586917877208 0.24316334724426272 30.500000000000004 0.56696429848670971 0.88146743178367626 0.89957982301712047 0.57159194350242626 1.0000000180025095e-35 0.94868421554565441 0.95040982961654674 1.0000000180025095e-35 0.85164836049079906 0.31666667759418493 4.5000000000000009 0.5178799331188203 0.70396453142166149 1.0000000180025095e-35 0.48684211075305944 0.85912698507308971 0.94804319739341747 0.23845060169696811 0.88396573066711437
decision_type=2 2 2 2 2 2 2 2 2 2 2 2 2 2 2 2 2 2 2 2 2 2 2 2 2 2 2 2 2 2
left_child=3 2 4 19 8 9 -5 12 11 24 14 -2 17 -14 18 16 -6 -4 -8 28 -21 -12 -7 -24 26 -9 -3 -27 29 -1
right_child=1 5 7 6 15 22 10 25 -10 -11 21 -13 13 -15 -16 -17 -18 -19 -20 20 -22 -23 23 -25 -26 27 -28 -29 -30 -31
leaf_value=-0.039377503492915328 -0.045615092258315226 -0.012769373898764272 -0.040766314348908698 0.094381069160851372 -0.037940655970320612 0.095113987272681444 -0.051114053724067091 0.0033734961481217221 -0.053726790420462446 -0.039441234210554225 0.062639776926449398 0.01812834890395474 0.04918632471935986 -0.00073372170824476265 0.049208390574534661 0.051929529253445253 0.014781185654535182 0.0023913218885322804 -0.011192894229343395 -0.053851283462348576 0.012205539108623382 -0.0019882647067541071 0.0016979770140007847 0.051647359849375851 0.054348971998856237 0.024819478576739766 0.040024226502996835 0.058625626206537024 -0.050815598961992316 0.082248510480836881
leaf_weight=16.353848880156878 3.8236562442034474 3.6790657564997691 5.8625268191099194 2.3066809400916126 42.82954497076571 2.5991262122988692 11.100395280867822 2.419348347932103 5.9224994927644721 5.7267994172871104 3.632331855595111 38.031762056052685 15.358954437077044 18.398329317569733 1.9594459533691395 1.6956617571413506 4.0250661820173255 20.869170159101486 9.214452225714922 2.7989028654992572 4.2804774530231953 2.6166572459042072 4.7794519960880271 68.471575308591127 5.595672607421875 4.5869638025760677 3.4771647602319717 16.565122798085213 73.431113664060831 0.73353417403995891
leaf_count=556 63 19 47 12 774 17 262 24 37 71 26 302 91 105 13 10 33 162 140 61 36 22 30 747 32 26 22 167 2587 15
internal_value=-0.000545888 0.0157528 0.00202574 -0.03541 -0.013294 0.0420035 -0.00434864 0.0195813 0.00411989 0.00922351 -0.0123329 0.0123051 0.00913989 0.021979 -0.0257742 -0.0304309 -0.0334116 -0.00707358 -0.0330065 -0.045222 -0.0139107 0.0355779 0.0499894 0.0483883 0.0310785 0.046376 0.0128827 0.0512945 -0.0476708 -0.0341563
internal_weight=403.145 274.717 180.389 128.428 96.3282 94.3289 30.83 84.0604 47.7779 18.4787 28.5233 41.8554 60.489 33.7573 22.2743 48.5503 46.8546 26.7317 20.3148 97.5979 7.07938 6.24899 75.8502 73.251 12.7519 23.5714 7.15623 21.1521 90.5185 17.0874
internal_count=6509 2779 1841 3730 1219 938 475 622 402 144 463 365 405 196 415 817 807 209 402 3255 97 48 794 777 73 217 41 193 3158 571
is_linear=0
shrinkage=0.05


Tree=44
num_leaves=31
num_cat=0
split_feature=33 20 4 2 9 6 15 10 6 6 22 24 2 18 16 10 9 6 18 4 4 8 33 20 2 15 18 26 3 4
split_gain=85.574 37.3283 17.7497 15.082 10.8785 10.1294 9.14516 8.97903 8.65673 7.75256 5.8942 5.54664 5.48571 5.41567 4.25323 3.41009 6.19889 3.31247 3.37753 3.1564 3.02712 5.12031 9.31567 6.75907 2.70612 2.54655 1.94008 1.77878 2.33594 1.6746
threshold=7.5000000000000009 0.81666666269302379 0.91024166345596325 0.63859337568283092 5.5000000000000009 0.29285715520381933 0.69459062814712536 0.97722566127777111 0.6904762089252473 0.57738095521926891 26.500000000000004 1.5000000000000002 0.74352160096168529 0.73030304908752453 0.49468025565147405 0.43826219439506536 5.5000000000000009 0.77500000596046459 0.97916665673255932 0.67179489135742199 0.23845060169696811 0.11189358308911325 24.500000000000004 0.31666667759418493 0.86391696333885204 0.90038165450096141 0.48684211075305944 1.0000000180025095e-35 0.77032968401908886 0.94804319739341747
decision_type=2 2 2 2 2 2 2 2 2 2 2 2 2 2 2 2 2 2 2 2 2 2 2 2 2 2 2 2 2 2
left_child=1 2 4 20 8 14 10 9 13 25 27 -11 19 -1 -3 -16 -17 18 -6 -8 21 -2 23 -23 -12 -4 -9 28 -5 -28
right_child=3 5 7 6 17 -7 12 26 -10 11 24 -13 -14 -15 15 16 -18 -19 -20 -21 -22 22 -24 -25 -26 -27 29 -29 -30 -31
leaf_value=-0.015407582077042384 -0.049755394882401188 -0.045601591965928272 0.026892539681687772 -0.052022297675739883 -0.042262169204326266 0.052103391889876532 0.042160081959130916 0.003201675461003048 -0.055845341433157086 -0.0062473330640312377 -0.018895497612598698 0.030878395595840238 0.064227778804871599 0.017816146739896562 0.065248656737748587 0.036622154775113054 -0.019003287620263265 0.055558978978631414 0.019317178647469291 -0.035277430144755317 -0.049635601568381302 0.0032566177961331749 -0.041301560427177211 0.14745362070197052 0.051985801475500283 0.093155648118239648 0.023785992989724739 -0.050159410903697521 0.050891342860306887 0.058200037397364873
leaf_weight=18.717433825135231 10.836227357387545 2.5638871714472797 2.6348257511854163 1.1184176448732661 31.1406310480088 64.125082477927208 2.1582586392760259 2.4216644801199463 6.2341241277754298 41.156183313578367 2.5291510839015237 13.315436189994214 5.9112171865999699 35.585437763482332 3.8560951165854958 12.342789791524412 8.4287210293114168 0.97655423358082671 2.3982222676277152 3.3716782853007317 73.762290619313717 1.8182785660028442 4.8532799668610096 1.4694205485284326 2.879797525703907 3.2242091149091721 4.5479661673307428 11.928521184250712 1.0875542089343069 15.869539998471737
leaf_count=232 345 38 28 32 654 730 16 24 42 270 22 89 39 261 22 92 56 7 23 36 2646 60 169 18 20 18 26 316 11 167
internal_value=-0.000537431 0.0152647 0.00194568 -0.0349631 -0.0128143 0.0412594 -0.00476145 0.0188144 -4.19877e-05 0.00870624 -0.0255454 0.00282795 0.030741 0.0063644 0.0156863 0.0220667 0.0140503 -0.0352158 -0.0378589 -0.00505463 -0.0450536 -0.0272441 0.00272016 0.0677047 0.0188427 0.0633569 0.0455156 -0.0425316 -0.0012854 0.0505344
internal_weight=393.263 269.539 178.222 123.724 95.0524 91.3166 30.9846 83.1698 60.537 60.3307 19.5434 54.4716 11.4412 54.3029 27.1915 24.6276 20.7715 34.5154 33.5389 5.52994 92.7395 18.9772 8.14098 3.2877 5.40895 5.85903 22.8392 14.1345 2.20597 20.4175
internal_count=6509 2779 1841 3730 1219 938 492 622 535 405 401 359 91 493 208 170 148 684 677 52 3238 592 247 78 42 46 217 359 43 193
is_linear=0
shrinkage=0.05


Tree=45
num_leaves=31
num_cat=0
split_feature=35 20 4 2 6 10 15 18 6 10 6 22 15 8 2 16 10 10 4 8 35 11 4 1 2 15 18 26 3 4
split_gain=79.9686 35.1229 16.2246 14.4821 10.009 8.5687 8.45926 7.76638 7.07883 6.01658 6.79368 5.55565 5.35468 5.1167 5.03249 3.91058 3.10245 4.83062 3.00013 4.89841 8.39815 6.52716 2.87047 2.65376 2.51322 2.44928 1.88673 1.72014 2.14556 1.70479
threshold=2.1383330821990971 0.81666666269302379 0.91024166345596325 0.63859337568283092 0.29285715520381933 0.97722566127777111 0.69459062814712536 0.94868421554565441 0.57738095521926891 0.84924244880676281 0.6904762089252473 26.500000000000004 0.98337939381599437 0.48528139293193823 0.74352160096168529 0.49468025565147405 0.43826219439506536 0.81322672963142406 0.23845060169696811 0.11189358308911325 3.2384861707687382 1.5000000000000002 0.67179489135742199 1.0000000180025095e-35 0.86391696333885204 0.90038165450096141 0.48684211075305944 1.0000000180025095e-35 0.77032968401908886 0.94804319739341747
decision_type=2 2 2 2 2 2 2 2 2 2 2 2 2 2 2 2 2 2 2 2 2 2 2 2 2 2 2 2 2 2
left_child=1 2 7 18 15 8 11 9 25 23 -11 27 -10 -9 22 -3 -17 -18 19 -2 21 -21 -8 -1 -13 -4 -7 28 -5 -28
right_child=3 4 5 6 -6 26 14 13 12 10 -12 24 -14 -15 -16 16 17 -19 -20 20 -22 -23 -24 -25 -26 -27 29 -29 -30 -31
leaf_value=-0.033850514398413314 -0.049453369788507395 -0.044653673839286062 0.025367751492512219 -0.051920474197538549 0.051591528507428576 0.0030387596932107751 0.039795940230523325 -0.0060435813145643478 -0.0020821932834073254 0.0022872968003722727 -0.059025468170258666 -0.018088580975889359 0.054241969862252541 0.068593142849587133 0.061881388061463462 0.062475595341788231 -0.014783261780517837 0.034198818623952881 -0.049422014672820612 -0.018079183720783591 -0.040829574572512177 0.12279839210119901 -0.03419655985831619 0.035875218075564944 0.050798067560138764 0.090561882206021807 0.022791278499674023 -0.049812524049301782 0.04745716004893627 0.057797077861929329
leaf_weight=38.051067663356662 10.36911694519222 2.4893123041838434 2.6530563980340949 1.0659055151045369 61.587618455290794 2.4238639399409321 2.1717908345162851 4.5871584601700288 49.820839069783688 40.069865562021732 5.0921154096722594 2.5103659480810157 4.6101982295513144 4.5979754626750946 5.8306723572313786 3.8266464471817043 8.731269162148239 11.885099504142998 70.460507582873106 1.4320155978202804 4.6686123684048653 1.9307856447994707 3.3060338497161865 1.4153931140899647 2.8017753735184669 3.1525470912456512 4.5101223215460786 11.423796880990267 1.1074098944663999 15.19815519452095
leaf_count=752 345 38 28 32 730 24 16 38 325 357 34 22 34 30 39 22 60 88 2646 42 169 36 36 8 20 18 26 316 11 167
internal_value=-0.000529882 0.0147784 0.00186841 -0.0345589 0.0404733 0.0180614 -0.00465741 -0.0123491 0.00828619 -0.0170886 -0.00462586 -0.0251158 0.00268835 0.0313187 0.0295515 0.0150486 0.0211288 0.0134543 -0.0447271 -0.0267491 0.00256371 0.0628071 -0.00486078 -0.0313499 0.0182442 0.0607693 0.0446665 -0.0420557 -0.00128274 0.0497862
internal_weight=383.781 264.702 176.182 119.079 88.5199 82.3688 30.2178 93.8136 60.2366 84.6284 45.162 18.9093 54.431 9.18513 11.3085 26.9323 24.443 20.6164 88.861 18.4005 8.03141 3.3628 5.47782 39.4665 5.31214 5.8056 22.1321 13.5971 2.17332 19.7083
internal_count=6509 2779 1841 3730 938 622 492 1219 405 1151 391 401 359 68 91 208 170 148 3238 592 247 78 52 760 42 46 217 359 43 193
is_linear=0
shrinkage=0.05


Tree=46
num_leaves=31
num_cat=0
split_feature=33 20 9 2 4 18 6 6 4 22 38 22 18 36 9 22 15 17 8 5 36 4 8 33 14 14 9 39 14 14
split_gain=74.7257 33.0095 15.3937 13.899 10.3512 10.5703 9.88637 9.06053 8.08387 6.47631 6.15704 5.54444 5.22675 4.37086 4.94917 4.28928 4.16118 8.30523 3.10564 4.28334 3.51706 2.98322 4.68901 7.55146 5.96138 2.89154 2.42325 1.80496 1.68795 1.56103
threshold=7.5000000000000009 0.81666666269302379 4.5000000000000009 0.63859337568283092 0.95040982961654674 0.73030304908752453 0.29285715520381933 0.84523808956146251 0.56773442029953014 30.500000000000004 0.81418704986572277 1.0000000180025095e-35 0.32051283121109014 1.0000000180025095e-35 2.5000000000000004 5.5000000000000009 0.82397845387458812 0.44722221791744238 0.11566332355141641 0.12262799963355066 1.0000000180025095e-35 0.23845060169696811 0.11189358308911325 24.500000000000004 0.70187056064605724 0.66220691800117504 4.5000000000000009 0.26126873493194586 0.84234893321990978 0.94160273671150219
decision_type=2 2 2 2 2 2 2 2 2 2 2 2 2 2 2 2 2 2 2 2 2 2 2 2 2 2 2 2 2 2
left_child=1 2 4 21 5 10 18 16 -5 13 -1 -7 -6 -10 -15 -14 27 -18 -3 20 -20 22 -2 24 -24 -9 -11 -4 -21 -23
right_child=3 6 7 8 12 11 -8 25 9 26 -12 -13 15 14 -16 -17 17 -19 19 28 -22 29 23 -25 -26 -27 -28 -29 -30 -31
leaf_value=-0.013403526670442074 -0.049145469850072211 0.040694171710782899 0.0064501715760703323 0.086852064409598889 -0.030434310456045402 -0.022875980500845342 0.051084808535597652 0.071570696133818432 -0.047330216408203861 0.059205192500113427 -0.084576009496750704 0.025392441121325326 0.025606868805109501 0.039735996308995325 -0.031177716950670925 0.061579288178082628 0.031095057738555195 -0.026211950396008099 -0.051563125444845682 0.056078950237496643 0.0082630540440562766 -0.049898486848407149 -0.019049688675129156 -0.040348609977151895 0.11397344624101305 0.011027600914240964 -0.0039651842844717717 -0.050176308122751159 0.011301847542533229 0.03454670832048503
leaf_weight=21.835886269807819 9.9236596170812863 7.9159345142543343 1.5491346381604696 2.2354627065360573 2.807986829429864 7.1320255585014811 59.150442056357861 2.7161935642361623 10.883513972163204 3.6184234246611586 3.5299278050661078 35.877942282706499 19.972283013164997 4.2115610092878342 5.9174927603453398 14.163341812789438 7.757648888975381 34.170574653893709 4.5537109263241309 3.4222140721976739 5.334382887929678 66.758888347074389 1.4546868279576295 4.4925314467400312 2.0004576612263918 7.1994907855987549 2.6154858861118555 15.363317502662538 5.4668194204568863 0.55179385282099147
leaf_count=244 345 49 39 13 37 56 730 17 277 28 18 245 146 53 98 125 112 414 52 27 43 2635 42 169 36 37 23 351 37 11
internal_value=-0.000520566 0.0143123 0.00179948 -0.0341436 0.0138131 0.00229104 0.0396861 -0.0166027 -0.00455361 -0.0120531 -0.0233079 0.0173884 0.0351383 -0.0253307 -0.00169249 0.0405323 -0.0240537 -0.0156089 0.0144272 0.00335376 -0.0192884 -0.0443848 -0.0262254 0.00239319 0.057968 0.0276121 0.0327016 -0.0449895 0.0285407 -0.0492062
internal_weight=374.583 259.919 174.076 114.664 105.319 68.3758 85.8435 68.7564 29.4819 27.2465 25.3658 43.01 36.9436 21.0126 10.1291 34.1356 58.8407 41.9282 26.6931 18.7771 9.88809 85.182 17.8713 7.94768 3.45514 9.91568 6.23391 16.9125 8.88903 67.3107
internal_count=6509 2779 1841 3730 871 563 938 970 492 479 262 301 308 428 151 271 916 526 208 159 95 3238 592 247 78 54 51 390 64 2646
is_linear=0
shrinkage=0.05


Tree=47
num_leaves=31
num_cat=0
split_feature=5 20 18 4 20 11 16 2 27 16 37 4 15 18 15 2 18 6 9 10 8 9 2 8 33 4 15 15 14 22
split_gain=69.9646 28.5633 25.4366 12.1139 9.76333 8.36712 6.24185 6.04534 5.57369 5.34696 8.08147 4.977 4.90736 5.77127 4.59371 4.42441 4.11732 4.05972 4.04398 7.54499 3.33039 3.30598 3.02705 14.3237 12.9957 3.00239 2.94266 2.5391 2.21791 1.88552
threshold=0.31072796881198889 0.46428571641445165 0.78174602985382091 0.61861473321914684 0.31666667759418493 1.0000000180025095e-35 0.70969352126121532 0.89022758603096019 1.0000000180025095e-35 0.19625350087881091 0.19379745423793796 0.75204917788505565 0.88805347681045543 0.77350428700447094 0.98809355497360241 0.90219989418983471 0.91287881135940563 0.84523808956146251 3.5000000000000004 0.43826219439506536 0.083920188248157515 18.500000000000004 0.18321678787469867 0.11852502077817918 31.500000000000004 0.99450549483299266 0.74020862579345714 0.9225774109363557 0.87921562790870678 6.5000000000000009
decision_type=2 2 2 2 2 2 2 2 2 2 2 2 2 2 2 2 2 2 2 2 2 2 2 2 2 2 2 2 2 2
left_child=2 3 6 -2 16 9 22 8 26 10 -5 -11 15 -14 17 -7 -4 -10 27 21 -21 -20 23 -1 -25 -24 -3 29 -29 -6
right_child=1 7 4 5 18 12 -8 -9 14 11 -12 -13 13 -15 -16 -17 -18 -19 19 20 -22 -23 25 24 -26 -27 -28 28 -30 -31
leaf_value=-0.047427306200897967 0.11829425210460576 -0.0069526520957383974 -0.044202658738330347 0.037019123825468798 0.023523091012874506 -0.039857855785882371 0.057029201082344938 0.054072281582760097 -0.0062299632042503422 -0.044199769176328611 -0.046461273073800824 0.018933509733706885 0.062854826733098168 -0.012089904317890612 0.050926225316515354 0.039817394807019194 0.026337293938188712 0.043295213983141928 0.086813406030816873 -0.075871535879504945 -0.010295990685570695 0.014250722446677886 -0.049580335856352221 0.17658917286527703 -0.051459100673871577 0.041350338264853542 0.051401739861103614 -0.0030597152188427765 0.037786649712797361 0.081350544788644563
leaf_weight=11.269828421995042 2.186328411102294 2.3880754709243801 14.3063210118562 4.2868307363241902 2.5050247386097935 21.774147210642699 1.5366957113146771 37.795176196843386 19.498144749552019 3.2973878886550656 8.9554612021893245 58.588117627426982 3.1440023556351688 14.040665455162523 6.7087334319949141 1.893959006294607 2.4183142334222785 5.2526713311672202 2.7105678990483311 2.18052017875016 17.280506018549204 3.7293468955904245 75.591596307232976 1.5241688508540385 1.0586301349103449 0.91882714629173179 22.659711670130491 7.0257216580212098 6.3065281230956316 3.2236095033586025
leaf_count=402 10 22 409 33 23 356 24 512 110 42 226 346 21 103 71 26 27 47 19 15 175 39 2985 38 39 16 259 51 41 22
internal_value=-0.000513761 0.0180713 -0.0262241 0.00169408 -0.00138784 -0.000503924 -0.0428951 0.0385929 0.0282395 0.00939928 -0.0194368 0.0155696 -0.0187158 0.00162153 0.0142276 -0.0334821 -0.0340029 0.00428038 0.0107441 -0.00211961 -0.0176434 0.0447924 -0.0445944 -0.0230875 0.0831174 -0.0484883 0.0458382 0.028224 0.0162618 0.0560637
internal_weight=366.056 212.469 153.586 118.167 61.6865 115.981 91.8997 94.3025 56.5073 75.1278 13.2423 61.8855 40.8528 17.1847 31.4595 23.6681 16.7246 24.7508 44.9618 25.9009 19.461 6.43991 90.3631 13.8526 2.5828 76.5104 25.0478 19.0609 13.3322 5.72863
internal_count=6509 2184 4325 1163 821 1153 3504 1021 509 647 259 388 506 124 228 382 436 157 385 248 190 58 3480 479 77 3001 281 137 92 45
is_linear=0
shrinkage=0.05


Tree=48
num_leaves=31
num_cat=0
split_feature=33 20 4 2 6 10 15 18 6 10 5 24 22 2 5 39 3 5 36 4 33 3 11 2 2 15 19 18 4 26
split_gain=65.402 29.5629 13.2731 13.1261 9.51103 7.85072 7.14632 6.83647 6.58596 5.09341 6.81978 4.95553 4.88376 4.23339 4.03251 3.08772 3.05886 4.06322 3.04129 3.00997 4.21318 5.96048 6.24361 2.35018 2.14621 2.11819 1.80043 1.70646 1.73553 1.69446
threshold=7.5000000000000009 0.93750000000000011 0.91024166345596325 0.63859337568283092 0.29285715520381933 0.97722566127777111 0.69459062814712536 0.94868421554565441 0.57738095521926891 0.84924244880676281 0.54415586590766918 1.5000000000000002 26.500000000000004 0.74352160096168529 0.067231640219688429 0.61175212264060985 0.12372449040412904 0.12262799963355066 1.0000000180025095e-35 0.23845060169696811 31.500000000000004 0.11215933039784433 1.5000000000000002 0.83935481309890758 0.86391696333885204 0.90038165450096141 0.94771018624305736 0.48684211075305944 0.94804319739341747 1.0000000180025095e-35
decision_type=2 2 2 2 2 2 2 2 2 2 2 2 2 2 2 2 2 2 2 2 2 2 2 2 2 2 2 2 2 2
left_child=1 2 7 19 16 8 12 9 25 23 -11 -10 29 15 -9 -8 -3 18 -18 20 21 -2 -23 -1 -14 -4 -21 -7 -29 -5
right_child=3 4 5 6 -6 27 13 14 11 10 -12 -13 24 -15 -16 -17 17 -19 -20 26 -22 22 -24 -25 -26 -27 -28 28 -30 -31
leaf_value=-0.032622833493921005 -0.045072102812290349 0.03901274231645864 0.025274155329312709 0.00057508836141404633 0.050252417515940319 0.0030715671309645204 0.044981765098013486 -0.0068561078834170957 -0.0068072577078413972 0.0062989287101952729 -0.039688174056449005 0.028739829809241509 -0.016206907958002788 0.057891252982345612 0.06052891118707119 -0.034279565838779842 -0.050773193610579963 0.026583190874129404 0.0065779546385193177 -0.049628690690733779 -0.051540645652446565 -0.028653797364045819 0.086861895435653369 0.024377521075556456 0.048953639112330007 0.086622091621595981 0.048707150342429451 0.020999506078688286 0.057023614490835983 -0.049108241189170287
leaf_weight=35.183352520689368 4.1829753927886504 8.1120119690895098 2.5975632444024077 2.0590847916901156 54.572435941547155 2.3549264203757074 1.9659061152487973 4.05879884585738 40.419038753956556 33.983132803812623 10.569303890690206 12.944326426833866 2.4444881770759812 5.6259573176503181 4.9011092744767666 3.2767608053982258 4.4569406341761368 8.6839679852128011 4.8023661877959967 61.263441713526845 7.9543228503316632 2.0666497685015202 2.6953616514801979 1.9063446596264828 2.616128072142601 3.0699414238333702 0.46903480403125186 4.4115067422389993 13.808526106178761 10.303564691916108
leaf_count=749 145 50 28 43 728 24 16 35 270 325 66 89 22 39 34 36 53 64 40 2638 324 67 56 12 20 18 8 26 168 316
internal_value=-0.000511191 0.0134465 0.00163235 -0.0332549 0.0383865 0.0165281 -0.0040491 -0.0114556 0.00725808 -0.0160056 -0.00461073 0.00181538 -0.0238965 0.0277678 0.0300038 -0.00455799 0.0135334 0.00201436 -0.0210279 -0.0437632 -0.0250661 -0.00152361 0.0367296 -0.0296931 0.0174784 0.0585048 -0.0488815 0.0431245 0.0483013 -0.0408331
internal_weight=357.759 250.836 170.208 106.924 80.6277 79.6058 28.2919 90.602 59.0309 81.6421 44.5524 53.3634 17.4233 10.8686 8.95991 5.24267 26.0553 17.9433 9.25931 78.6318 16.8993 8.94499 4.76201 37.0897 5.06062 5.6675 61.7325 20.575 18.22 12.3626
internal_count=6509 2779 1844 3730 935 623 492 1221 405 1152 391 359 401 91 69 52 207 157 93 3238 592 268 123 761 42 46 2646 218 194 359
is_linear=0
shrinkage=0.05


Tree=49
num_leaves=31
num_cat=0
split_feature=33 20 2 9 4 4 18 6 4 23 38 23 18 23 16 2 14 15 18 9 36 10 4 8 15 22 24 14 37 14
split_gain=61.0505 27.8005 12.5995 12.5502 9.47374 8.74765 9.06012 7.68103 6.75352 6.23868 5.83665 5.8019 4.65766 5.13649 4.32995 6.25375 4.2748 3.98927 6.29496 3.89498 3.5098 3.35675 3.00036 4.26226 6.09432 4.84899 2.9771 2.71519 2.69924 1.79632
threshold=7.5000000000000009 0.93750000000000011 0.63859337568283092 4.5000000000000009 0.8029850721359254 0.95040982961654674 0.73030304908752453 0.84523808956146251 0.56773442029953014 0.98787835240364086 0.81418704986572277 0.46228787302970892 0.32051283121109014 0.90818965435028087 0.34573669731616979 0.74352160096168529 0.65743845701217662 0.82397845387458812 0.61324787139892589 5.5000000000000009 1.0000000180025095e-35 0.43095238506793981 0.23845060169696811 0.11189358308911325 0.88261792063713085 1.0000000180025095e-35 5.5000000000000009 0.66220691800117504 0.065449416637420668 0.95160031318664562
decision_type=2 2 2 2 2 2 2 2 2 2 2 2 2 2 2 2 2 2 2 2 2 2 2 2 2 2 2 2 2 2
left_child=1 3 22 5 16 6 10 17 -4 -8 -1 26 -7 -14 -13 -16 20 28 -19 -18 -3 -21 23 -2 25 -25 -10 -9 -5 -24
right_child=2 4 8 7 -6 12 9 27 11 -11 -12 14 13 -15 15 -17 19 18 -20 21 -22 -23 29 24 -26 -27 -28 -29 -30 -31
leaf_value=-0.012382007989307425 -0.048346039732597823 -0.066741607708840564 0.081008169030287097 0.033243810523908936 0.051145990874417693 -0.030186049290685871 0.025153735403738539 0.068958903835783639 -0.0095069215304018854 -0.024001984223420911 -0.08277329853489708 -0.041183655982943781 0.054246233634682575 0.013695329027906773 -0.04593204928617256 0.062799902452330053 0.042912801630153846 0.04352143021463372 -0.020990464076043214 0.04780308559390916 0.016003937835757136 -0.013576996270037486 -0.049439910570008828 0.10633193443567023 0.075056165926693924 -0.041301894844248177 0.056195690676439161 0.0095051582680465915 -0.049604380167102141 0.049451590989670557
leaf_weight=21.324194088578228 8.7673644870519656 2.6201597992330816 2.1568536851555136 1.0542694274336089 48.820533476769924 2.7162937130779019 34.519845370203257 2.6253239400684816 3.0535862967371967 7.9394044801592818 3.4167157486081114 13.177981911227109 19.454280272126198 13.045980047434567 2.4703539013862601 2.8458002395927906 12.80334377102554 4.2201434168964616 36.372990654781461 3.0340378619730464 2.5084490962326527 8.378439858555792 58.516915770247579 0.62657051719725032 2.1092586908489466 4.9512049108743668 3.9600540027022362 7.1514461636543274 14.571646485477684 0.46283695846795936
leaf_count=244 345 28 13 24 702 37 240 17 22 62 18 382 173 99 28 20 109 48 478 19 21 56 2639 16 33 198 27 37 367 7
internal_value=-0.00050211 0.0130072 -0.0328117 0.00156945 0.0376506 0.0125262 0.0019478 -0.0154339 -0.0039487 0.0159622 -0.022103 -0.0111324 0.0327118 0.0379686 -0.0258174 0.0122735 0.0151982 -0.0225473 -0.0142837 0.0239806 -0.02627 0.00274106 -0.0433969 -0.0245177 0.00265944 -0.0247177 0.0275902 0.0254701 -0.0440147 -0.0486639
internal_weight=349.676 246.577 103.099 168.413 78.165 102.417 67.2002 65.9958 27.6646 42.4592 24.7409 25.5078 35.2166 32.5003 18.4941 5.31615 29.3444 56.219 40.5931 24.2158 5.12861 11.4125 75.4342 16.4544 7.68703 5.57778 7.01364 9.77677 15.6259 58.9798
internal_count=6509 2779 3730 1844 935 873 564 971 492 302 262 479 309 272 430 48 233 917 526 184 49 75 3238 592 247 214 49 54 391 2646
is_linear=0
shrinkage=0.05


Tree=50
num_leaves=31
num_cat=0
split_feature=33 20 2 4 4 9 6 9 36 6 9 18 18 34 18 36 39 18 4 33 4 4 6 18 17 22 16 34 4 33
split_gain=56.9955 26.1424 12.0563 11.4449 9.48262 7.97909 7.30849 7.19357 6.33499 6.12657 5.66252 4.62382 4.56145 4.03566 3.83585 3.57504 5.12807 3.51748 2.98957 4.05247 5.14809 5.53191 2.81717 2.89265 2.48562 2.3417 2.23964 2.11074 2.75081 1.94724
threshold=7.5000000000000009 0.81666666269302379 0.63859337568283092 0.91024166345596325 0.8029850721359254 5.5000000000000009 0.6904762089252473 1.0000000180025095e-35 1.0000000180025095e-35 0.57738095521926891 2.5000000000000004 0.97916665673255932 0.58578431606292736 0.41666667163372045 0.82843136787414562 1.0000000180025095e-35 0.69336795806884777 0.73030304908752453 0.23845060169696811 31.500000000000004 0.11215933039784433 0.12183055281639101 0.77500000596046459 0.97916665673255932 0.71008405089378368 32.500000000000007 0.24809269607067111 0.04446640424430371 0.8410526216030122 3.5000000000000004
decision_type=2 2 2 2 2 2 2 2 2 2 2 2 2 2 2 2 2 2 2 2 2 2 2 2 2 2 2 2 2 2
left_child=1 3 18 5 13 6 17 26 14 29 27 -11 -12 15 25 16 -3 -1 19 20 -2 -22 23 -7 -17 -4 -5 -10 -29 -9
right_child=2 4 8 7 -6 22 -8 9 10 11 12 -13 -14 -15 -16 24 -18 -19 -20 -21 21 -23 -24 -25 -26 -27 -28 28 -30 -31
leaf_value=-0.012337044095468007 -0.043903489129280784 -0.023605034781390394 -0.048569589274147486 -0.0059820340319971521 0.050773973433159772 -0.039150986635873401 -0.05373871137204124 0.086974580998040688 0.0089782208033546713 -0.0028435188844742549 -0.041199985937751316 0.0519645206219361 0.035855392455977637 0.058416681420466313 0.060183672838607899 0.055565633831221144 0.05899957274778455 0.014940916657269921 -0.048443274912544042 -0.051416170491652091 0.15008082628908345 0.0089450459112838717 0.054344067946344846 0.018832067924800008 0.0071948940124485486 0.019982325762885139 0.047887548646124101 0.10847547956501109 0.032944083901965016 0.027723753710564306
leaf_weight=17.833529690280557 3.8734909482300299 11.620548272505404 9.5413083080202323 2.1729180514812496 46.916113648563623 26.768752722069628 5.7238885425031176 2.713603012263774 2.0817247033119211 48.803105492144823 4.8478780928999168 4.1775562316179267 3.1807201690971851 4.4251363500952712 1.0553391426801688 4.6771594323217869 2.2411788254976281 35.036279855296016 56.354253105819225 7.3130081724375477 0.84004129283130158 4.0015527810901403 0.92065970972180267 2.3389080651104441 6.1456495895981789 1.4328316766768683 17.21884997934103 2.318612327799201 2.5108035504817963 2.8357371017336845
leaf_count=232 145 93 277 25 704 654 42 16 33 324 95 36 21 38 8 40 21 261 2646 324 14 109 7 23 42 16 191 14 28 30
internal_value=-0.000494661 0.01257 -0.0323923 0.00147971 0.0368645 -0.0108108 -7.05417e-05 0.015458 -0.00385772 0.00671355 0.0178874 0.00147813 -0.0106727 0.0144465 -0.0308635 0.0065641 -0.0102494 0.00573978 -0.0430241 -0.0239703 -0.000939934 0.0334328 -0.0317682 -0.0344918 0.0280987 -0.0396192 0.0418513 0.0510652 0.0692069 0.0566971
internal_weight=341.921 242.57 99.3516 166.544 76.0258 88.622 58.5937 77.9218 26.9692 58.53 14.9397 52.9807 8.0286 29.1097 12.0295 24.6845 13.8617 52.8698 72.3823 16.0281 8.71509 4.84159 30.0283 29.1077 10.8228 10.9741 19.3918 6.91114 4.82942 5.54934
internal_count=6509 2779 3730 1841 938 1219 535 622 492 406 191 360 116 234 301 196 114 493 3238 592 268 123 684 677 82 293 216 75 42 46
is_linear=0
shrinkage=0.05


Tree=51
num_leaves=31
num_cat=0
split_feature=5 20 4 18 4 11 18 36 7 22 15 8 9 39 8 15 16 16 20 7 5 15 14 20 26 15 10 23 17 39
split_gain=53.527 25.7258 21.4674 13.0888 13.5197 10.2815 9.70982 8.41549 7.94534 6.97537 6.25583 5.56908 5.10932 5.2144 3.7291 3.7254 3.20835 3.15532 2.29073 4.49163 2.25037 3.72422 2.15507 2.02582 1.72177 1.4985 0.570904 0.422951 0.288579 0.251639
threshold=0.2124435901641846 0.81666666269302379 0.24316334724426272 0.94868421554565441 0.55403152108192455 1.0000000180025095e-35 0.73030304908752453 1.0000000180025095e-35 0.73214286565780651 1.0000000180025095e-35 0.59951692819595348 0.89022758603096019 3.5000000000000004 0.18297319114208224 0.61167800426483165 0.9225774109363557 0.6776927411556245 0.70969352126121532 0.93750000000000011 0.41428571939468389 0.43951219320297247 0.93563184142112743 0.90033110976219188 0.93750000000000011 1.0000000180025095e-35 0.98162323236465465 0.25265957415103918 0.68599441647529613 0.91287881135940563 0.89862117171287548
decision_type=2 2 2 2 2 2 2 2 2 2 2 2 2 2 2 2 2 2 2 2 2 2 2 2 2 2 2 2 2 2
left_child=2 3 6 4 -2 7 9 -6 14 -1 -3 -7 15 23 18 -8 -15 26 28 -20 21 24 -17 -14 -12 -23 -11 -22 -4 -5
right_child=1 10 8 29 5 11 12 -9 -10 17 20 -13 13 16 -16 22 -18 -19 19 -21 27 25 -24 -25 -26 -27 -28 -29 -30 -31
leaf_value=0.096410924308629187 0.10183977145521744 -0.045905031574748061 -0.051712849199187498 0.061110966610058562 -0.0067484071669775998 -0.024195688900259922 0.083339543801013313 0.024041172122597643 0.069686150720082135 -0.012959546287993074 -0.040037989452244557 0.026665045872742061 -0.06588874477551479 -0.012601255231403933 0.03234967839885676 0.0049286725483590234 0.048657644485215534 0.074433910562527336 -0.03802232383132377 0.065941804615907443 0.02763918607705794 0.07155964539608993 0.053125956268876444 -0.0072775373813129957 0.021541570249163769 0.027413219913972928 -0.047691486569362368 0.05270709449989805 -0.014619961639323709 0.043592198547575914
leaf_weight=1.0035008117556561 3.1957112401723853 1.9050569850951422 61.354789657518268 8.2237941399216634 44.841544510796666 50.564221929758787 3.6522641032934215 43.938774280250072 1.5081332009285677 1.3029004577547283 2.2193327546119672 6.023314554244279 3.1727457456290713 3.7680994849652034 1.4780630376189936 5.8367986157536489 4.9388850685209036 0.58050085231661874 8.3049101177602989 1.18745339475572 1.7547553293406952 3.6861250698566437 3.8485384806990623 2.7539556697010994 2.3235403224825859 4.0169869996607304 12.874388055875896 40.949129465967417 0.52887313067912955 2.7303370386362067
leaf_count=27 29 18 2780 78 501 701 35 375 23 55 16 59 51 74 20 39 38 4 181 13 22 33 23 16 24 41 544 652 4 33
internal_value=-0.000485284 0.014292 -0.0275601 0.00399919 0.0001101 -0.00212629 0.000238224 0.00848984 -0.0439083 -0.0311476 0.0431704 -0.0187819 0.0179235 -0.00247774 -0.0462598 0.0403073 0.0221468 -0.0398213 -0.0478877 -0.0250169 0.0462585 0.0273634 0.0240802 -0.0386539 -0.00854193 0.0485384 -0.0444996 0.051677 -0.0513958 0.0567444
internal_weight=334.467 216.373 118.095 159.518 148.564 145.368 43.7326 88.7803 74.3622 15.7613 56.8549 56.5875 27.9713 14.6337 72.8541 13.3376 8.70698 14.7578 71.376 9.49236 54.9499 12.246 9.68534 5.9267 4.54287 7.70311 14.1773 42.7039 61.8837 10.9541
internal_count=6509 2582 3927 1776 1665 1636 906 876 3021 630 806 760 276 179 2998 97 112 603 2978 194 788 114 62 67 40 74 599 674 2784 111
is_linear=0
shrinkage=0.05


Tree=52
num_leaves=31
num_cat=0
split_feature=33 4 8 9 21 17 4 10 18 10 23 15 3 3 38 18 9 16 2 38 18 39 23 24 23 21 9 27 2 16
split_gain=50.2759 17.9497 11.0216 9.72628 8.84031 5.64018 5.60814 5.37568 6.15 5.19208 4.81604 4.41616 5.6112 4.2129 4.17589 3.95475 3.94774 3.78088 5.34217 3.48771 3.11688 2.70837 2.60976 2.51207 2.46371 2.29092 2.01968 4.46278 1.83032 4.78581
threshold=7.5000000000000009 0.91024166345596325 0.63702240586280834 5.5000000000000009 1.0000000180025095e-35 0.74342104792594921 0.56773442029953014 0.78867626190185558 0.73030304908752453 0.43826219439506536 0.46228787302970892 0.59317129850387584 0.98210361599922191 0.18321678787469867 0.53694942593574535 0.79285714030265819 1.0000000180025095e-35 0.34573669731616979 0.74352160096168529 0.51304742693901073 0.85164836049079906 0.83724972605705272 0.93777653574943554 5.5000000000000009 0.64126753807067882 1.0000000180025095e-35 5.5000000000000009 1.0000000180025095e-35 0.23845060169696811 0.68217894434928905
decision_type=2 2 2 2 2 2 2 2 2 2 2 2 2 2 2 2 2 2 2 2 2 2 2 2 2 2 2 2 2 2
left_child=1 3 20 7 11 -5 -4 -1 19 -7 23 24 14 -10 -13 16 -6 -12 -19 -9 28 -18 -11 -8 -3 -22 -17 -28 29 -2
right_child=2 4 6 5 15 9 10 8 13 22 17 12 -14 -15 -16 26 21 18 -20 -21 25 -23 -24 -25 -26 -27 27 -29 -30 -31
leaf_value=0.054259968382392859 -0.035386576804727884 0.025921457933884947 0.076806455176095717 -0.033755200607539913 0.053897211368749476 0.067619603809129514 -0.0082690738245902746 -0.047624727792497351 0.040251037529675265 -0.034906307437374703 -0.039832861355927757 0.038735573503713608 0.059056973049438646 0.0066429295549415837 -0.00092363946243268218 0.052249714983861731 0.013393286206269473 -0.044777733416131539 0.059347228129319342 -0.0038296755634930828 -0.052628524457122787 -0.046701410572152657 0.012312986135147743 0.053444633329867867 -0.05426239604047059 0.015042559699730843 0.062299252776119765 0.007693890663027639 -0.04981153140267669 0.10912701459222703
leaf_weight=6.0454467087984076 12.482200931757685 1.2851094789803017 2.0006000250577953 28.030473053455353 4.4188095182180396 2.672701532021164 3.0025708470493582 6.6355238091200617 12.085864972323177 5.4555596932768804 11.936396902427079 8.6157250367104989 6.3350654840469351 40.814099863171577 28.906979095190763 33.743432093411684 6.655041962862013 2.256225060671567 2.7130588814616203 14.436448298394678 1.8465490210801352 2.6102707497775555 6.3114327173680067 3.6576820276677608 3.7633396238088608 3.8757043555378914 6.4050859585404369 8.998591672629118 48.851541928946972 0.60045793838799078
leaf_count=58 576 8 12 683 71 22 22 152 78 47 370 47 78 368 181 524 55 25 20 112 58 16 44 26 72 39 92 71 2572 10
internal_value=-0.000477722 0.0118824 -0.0315329 -0.00133769 0.0263744 -0.0206773 -0.00356571 0.00892703 0.00522214 0.00470967 -0.0103888 0.0104336 0.0155312 0.0143213 0.00818266 0.0387823 0.0150094 -0.0245762 0.0120709 -0.0176207 -0.0421013 -0.0035369 -0.00957941 0.0256229 -0.0338512 -0.00679464 0.0454015 0.0303996 -0.0453634 -0.0287538
internal_weight=327.448 234.225 93.223 122.488 111.737 42.4702 25.5665 80.0174 73.9719 14.4397 23.5659 48.9062 43.8578 52.9 37.5227 62.8312 13.6841 16.9057 4.96928 21.072 67.6565 9.26531 11.767 6.66025 5.04845 5.72225 49.1471 15.4037 61.9342 13.0827
internal_count=6509 2779 3730 1564 1215 796 475 768 710 113 463 386 306 446 228 829 142 415 45 264 3255 71 91 48 80 97 687 163 3158 586
is_linear=0
shrinkage=0.05


Tree=53
num_leaves=31
num_cat=0
split_feature=5 18 4 4 3 15 26 33 21 39 7 9 23 11 9 17 33 5 3 14 23 23 14 6 4 17 21 18 18 23
split_gain=47.0871 20.8172 19.9487 14.5169 14.5294 8.80662 11.0715 7.74878 7.55104 7.29034 7.0538 6.52526 4.99629 4.5077 4.01066 4.89653 3.66804 3.52277 2.94123 2.45589 2.18183 1.87964 1.10724 0.454267 0.146344 0.112304 0.0420747 0.00248933 4.98862e-05 1.06258e-05
threshold=0.2124435901641846 0.94590643048286449 0.20169491320848468 0.55403152108192455 0.82891985774040233 0.72996351122856151 1.0000000180025095e-35 31.500000000000004 1.0000000180025095e-35 0.18738773465156558 0.92857143282890331 3.5000000000000004 0.87564432621002208 1.0000000180025095e-35 21.500000000000004 0.44222222268581396 2.5000000000000004 0.61834734678268444 0.61167800426483165 0.96323332190513622 0.46228787302970892 0.93305322527885448 0.80778703093528759 0.19090909510850909 0.85523810982704174 0.71825397014617931 1.0000000180025095e-35 0.85164836049079906 0.73030304908752453 0.97162976861000072
decision_type=2 2 2 2 2 2 2 2 2 2 2 2 2 2 2 2 2 2 2 2 2 2 2 2 2 2 2 2 2 2
left_child=2 3 7 22 5 20 -7 9 17 11 16 12 -1 -10 15 -11 -4 -6 19 -18 -5 -13 -2 -3 -25 -26 -27 28 29 -9
right_child=1 23 10 4 8 6 -8 27 13 14 -12 21 -14 -15 -16 -17 18 -19 -20 -21 -22 -23 -24 24 25 26 -28 -29 -30 -31
leaf_value=-0.02810650180760467 0.068379541759737789 0.034071740410103267 0.025889182086939001 0.012157379420377118 0.032465289892768465 -0.023078928174942427 0.019936601598336642 -0.050974793387673391 0.042958310165747304 0.1149331101404383 0.077236108249177732 -0.056944610855938951 0.055577774504505385 0.005953703555447676 -0.02415302315372321 0.035914165430532378 -0.048326694854408908 -0.00086753674827024342 0.019991993446371033 0.00083448191456216177 -0.045832029469721453 -0.012102513594844849 0.11623346518057609 0.063749987295517688 0.043839329865515683 0.061468661077097989 0.053628061152759671 -0.055150364028340997 -0.051479887005562101 -0.051233236545616581
leaf_weight=2.7285191323608222 2.3914982639253131 3.0224815830588367 1.8745726719498623 1.7874274030327821 9.6949582267552596 30.011491676792502 29.823957039043307 3.8282921873033038 31.865686051547527 2.5790133345872155 1.2365314252674569 4.810863556340335 5.1503666471689939 11.095148384571074 1.887737564742564 8.1746258120983821 68.461825152859092 43.453602738678455 1.7028484977781762 2.6383106689900151 17.531034981831908 4.5443638097494841 2.4441843628883362 3.7038166634738472 2.8986739404499557 1.8912525996565843 17.957756403833628 0.4031087327748536 0.62506195157766331 0.44382126256823529
leaf_count=39 25 28 22 13 68 277 245 205 431 57 16 143 47 95 35 72 3135 415 31 21 575 51 17 31 37 17 308 8 25 20
internal_value=-0.000468516 0.0134812 -0.026785 0.00710628 0.00474833 -0.011115 -0.00163857 0.0043415 0.0178131 0.014226 -0.0412078 -0.00692778 0.0265973 0.0334014 0.0430653 0.054865 -0.043169 0.00521279 -0.0449472 -0.0465025 -0.0404666 -0.0351623 0.0925672 0.052435 0.0545333 0.0530326 0.0543751 -0.0513736 -0.0510627 -0.0510016
internal_weight=320.663 209.573 111.09 180.099 175.263 79.1539 59.8354 35.1758 96.1094 29.8755 75.9141 17.2341 7.87889 42.9608 12.6414 10.7536 74.6776 53.1486 72.803 71.1001 19.3185 9.35523 4.83568 29.474 26.4515 22.7477 19.849 5.30028 4.89718 4.27211
internal_count=6509 2582 3927 2161 2119 1110 522 702 1009 444 3225 280 86 526 164 129 3209 483 3187 3156 588 194 42 421 393 362 325 258 250 225
is_linear=0
shrinkage=0.05


Tree=54
num_leaves=31
num_cat=0
split_feature=34 20 8 3 4 18 36 14 36 8 18 9 18 34 4 8 11 9 10 17 36 19 8 17 22 14 17 2 10 23
split_gain=43.8993 21.4514 10.1892 9.18618 8.75497 8.26403 6.03188 5.79736 5.33999 4.91174 4.81658 4.72315 4.4795 3.82408 3.57616 3.91111 5.10717 6.34098 3.35263 3.32681 3.152 4.3979 2.99836 2.31752 2.18226 1.97348 1.57935 1.1104 0.815528 0.794601
threshold=0.13392857462167743 0.93750000000000011 0.56374144554138195 0.98210361599922191 0.8029850721359254 0.94868421554565441 1.0000000180025095e-35 0.97688889503479015 1.0000000180025095e-35 0.48528139293193823 0.82843136787414562 2.5000000000000004 0.58578431606292736 0.41666667163372045 0.23845060169696811 0.11189358308911325 1.5000000000000002 16.500000000000004 0.93405798077583324 0.19399641454219821 1.0000000180025095e-35 0.66517192125320446 0.69732204079628002 0.71008405089378368 32.500000000000007 0.95160031318664562 0.63397127389907848 0.86391696333885204 0.9891304373741151 0.70042735338211071
decision_type=2 2 2 2 2 2 2 2 2 2 2 2 2 2 2 2 2 2 2 2 2 2 2 2 2 2 2 2 2 2
left_child=2 3 14 5 13 7 10 8 -2 -7 24 18 27 20 15 28 26 -18 -8 -5 21 -3 -20 -22 -4 -16 -17 -13 -1 -6
right_child=1 4 6 19 29 9 11 -9 -10 -11 -12 12 -14 -15 25 16 17 -19 22 -21 23 -23 -24 -25 -26 -27 -28 -29 -30 -31
leaf_value=-0.051742974221711972 -0.016808029697284874 -0.074109377226464448 -0.048833384238462008 -0.026575341390480824 0.018142662969934286 -0.0079997982959059393 0.10454385211699915 0.059051152853480983 0.0033529472337843497 0.056977700385374523 0.062660412446453914 -0.058576872166672823 0.031543045677003896 0.058352108927203938 -0.051233014603848208 -0.051221803652337819 0.098013176239260966 -0.037472341552106485 -0.04093745286573737 0.05560979831484042 0.053025629826071841 0.0023103221301774561 0.044673616442317363 0.0054001188249895461 0.016083081484914094 0.055329536844292183 0.048123904321194254 -0.0099352703805674972 0.013554574449086988 0.051162849531547476
leaf_weight=6.7995876707136613 71.104063432663679 2.2735858019441411 10.759360193274917 1.4119055680930603 1.9131487831473339 4.3320719189941874 1.7084423117339635 3.3559165094047776 61.039045725017786 8.8496341630816442 1.2330427616834629 3.2933460529893619 3.6014342624694109 3.9797159992158404 42.588594870641828 3.0555195212364201 2.257642406970263 1.3985825590789316 1.3333696145564315 9.6289750151336175 4.4929940346628428 10.949721366167067 4.3900531027466059 5.9200848266482353 1.4716816442087282 0.43895065784454246 0.46032594516873349 1.8226137422025201 0.51434394158422936 38.208257917314768
leaf_count=336 982 28 375 18 26 38 18 19 557 82 10 101 31 37 2475 144 52 45 27 148 40 86 48 42 21 7 6 25 9 676
internal_value=-0.00046327 0.0110966 -0.0306423 0.00109711 0.0346749 -0.0021705 -0.00681327 -0.00584718 -0.00749535 0.0356233 -0.0315271 0.0137913 -0.0111756 0.0130084 -0.0429116 -0.0214238 0.00481228 0.0461871 0.0430769 0.0451 0.00537376 -0.0108291 0.024729 0.0259494 -0.0410224 -0.0501459 -0.0382146 -0.0412478 -0.047151 0.0495883
internal_weight=314.586 227.459 87.1269 159.722 67.7375 148.681 29.6133 135.499 132.143 13.1817 13.4641 16.1493 8.71739 27.6161 57.5135 14.486 7.17207 3.65622 7.43187 11.0409 23.6364 13.2233 5.72342 10.4131 12.231 43.0275 3.51585 5.11596 7.31393 40.1214
internal_count=6509 2779 3730 1844 935 1678 656 1558 1539 120 406 250 157 233 3074 592 247 97 93 166 196 114 75 82 396 2482 150 126 345 702
is_linear=0
shrinkage=0.05


Tree=55
num_leaves=31
num_cat=0
split_feature=5 20 4 18 4 11 34 36 7 15 8 10 8 17 20 20 7 10 5 15 27 15 38 10 8 23 17 38 38 20
split_gain=41.1245 21.7139 18.9225 10.6947 10.6538 8.47176 7.89059 6.85736 6.80098 5.25303 5.02159 4.8749 6.24505 4.39288 4.30493 3.61575 4.7234 5.58829 2.38003 3.29036 1.5146 1.4792 0.902406 0.812841 1.66566 0.414968 0.310895 0.300547 0.104136 0.0859442
threshold=0.2124435901641846 0.81666666269302379 0.24316334724426272 0.94868421554565441 0.55403152108192455 1.0000000180025095e-35 0.040833333507180221 1.0000000180025095e-35 0.73214286565780651 0.59951692819595348 0.89022758603096019 0.97259759902954113 0.10084745660424234 0.39009661972522741 0.93750000000000011 0.93750000000000011 0.41428571939468389 0.3706690520048142 0.43951219320297247 0.93563184142112743 1.0000000180025095e-35 0.98162323236465465 0.61320009827613842 0.91366460919380199 0.10084745660424234 0.69652891159057628 0.91287881135940563 0.87570226192474376 0.88589513301849376 0.46428571641445165
decision_type=2 2 2 2 2 2 2 2 2 2 2 2 2 2 2 2 2 2 2 2 2 2 2 2 2 2 2 2 2 2
left_child=2 3 6 4 -2 7 23 -6 15 -3 -7 12 14 -14 -8 22 17 -17 19 20 -11 -21 26 -1 -25 -20 -4 29 -27 -5
right_child=1 9 8 27 5 10 11 -9 -10 18 -12 -13 13 -15 -16 16 -18 -19 25 21 -22 -23 -24 24 -26 28 -28 -29 -30 -31
leaf_value=-0.051108068086478553 0.091031644551138435 -0.043131145513642458 -0.051509420338505633 0.066037257728097598 -0.0063165278268312794 -0.022770611041444556 -0.043022916734430823 0.021899262146319726 0.063330129693853654 0.020179072962368497 0.02588836143729592 0.081358769553259602 -0.034605698122913336 0.034407688795447082 0.018390436354828159 0.13054253464584895 0.068152887731095832 -0.042411543318260816 0.027090866432270846 0.069465935963287664 -0.038548015912416383 0.023732047807318475 0.0046810722999310909 -0.052979177801693457 0.079135538446645226 0.053579821940283892 -0.01261674859268264 0.037587448612829567 0.047382151887015486 0.055022447189354853
leaf_weight=6.7319998713210216 3.1418626978993407 1.7734828554093827 52.001330410130322 2.8577320575714094 43.332438048906624 48.660510761663318 8.0830597281456011 42.804332571104169 1.4740720111876715 2.1819148212671262 5.9505809079855672 2.3045826740562907 2.6978037729859379 15.869021485559641 4.4105417504906645 0.49835786968469431 1.3973501548171041 7.4329398274421692 1.7660722918808449 3.4043826274573803 2.2098451536148787 3.6783586330711842 0.73452883772551913 0.63210527040064313 0.38320894539356232 25.545219946652651 0.51895594596862693 2.0439569279551506 9.2254555858671647 4.6566632091999054
leaf_count=359 29 18 2787 20 501 701 186 375 23 24 59 17 88 178 32 4 14 179 25 33 16 41 10 28 18 464 4 28 185 63
internal_value=-0.000452984 0.0126814 -0.0258342 0.00337227 -2.98638e-05 -0.0020626 0.000639406 0.00770487 -0.042825 0.0413743 -0.0174686 0.0111947 0.00598871 0.0243799 -0.0213425 -0.0453254 -0.0166103 -0.0315441 0.0444959 0.0246309 -0.00937122 0.0457144 -0.0503554 -0.0448184 -0.00311526 0.0507345 -0.0511251 0.0545873 0.0519354 0.0592114
internal_weight=308.403 203.233 105.17 153.448 143.89 140.748 41.1123 86.1368 64.0575 49.7847 54.6111 33.365 31.0604 18.5668 12.4936 62.5835 9.32865 7.9313 48.0112 11.4745 4.39176 7.08274 53.2548 7.74731 1.01531 36.5367 52.5203 9.55835 34.7707 7.5144
internal_count=6509 2582 3927 1776 1665 1636 906 876 3021 806 760 501 484 266 218 2998 197 183 788 114 40 74 2801 405 46 674 2791 111 649 83
is_linear=0
shrinkage=0.05


Tree=56
num_leaves=31
num_cat=0
split_feature=33 4 23 9 10 37 18 2 17 10 18 36 16 39 18 36 22 33 24 16 9 23 2 4 19 4 18 15 17 21
split_gain=38.7365 14.4666 9.36483 8.02115 7.92441 7.89243 6.71877 4.92422 4.7806 4.74819 4.67046 4.69211 5.82616 5.3731 4.53183 4.03272 4.30978 4.52699 3.94962 3.33905 2.54582 2.31133 2.29897 2.21789 2.07448 1.81668 2.43236 1.66123 1.60968 1.3282
threshold=7.5000000000000009 0.91024166345596325 0.46228787302970892 5.5000000000000009 0.97722566127777111 0.56115964055061351 0.92582416534423839 0.76631206274032604 0.74342104792594921 0.43826219439506536 0.56696429848670971 1.0000000180025095e-35 0.63944444060325634 0.82517299056053173 0.32051283121109014 1.0000000180025095e-35 4.5000000000000009 26.500000000000004 1.0000000180025095e-35 0.59476566314697277 2.5000000000000004 0.93777653574943554 0.82009246945381176 0.87226107716560375 0.35678926110267645 0.94804319739341747 0.81534090638160717 0.8841681480407716 0.2709790319204331 1.0000000180025095e-35
decision_type=2 2 2 2 2 2 2 2 2 2 2 2 2 2 2 2 2 2 2 2 2 2 2 2 2 2 2 2 2 2
left_child=1 3 20 10 6 15 7 18 24 -10 23 12 -12 -13 -6 -4 17 -17 -3 -9 -2 -11 28 -1 -5 26 -16 -26 -22 -18
right_child=2 4 5 8 14 -7 -8 19 9 21 11 13 -14 -15 25 16 29 -19 -20 -21 22 -23 -24 -25 27 -27 -28 -29 -30 -31
leaf_value=-0.056653801704159096 0.051689032850479766 0.0018235527803826422 -0.047965333447030058 0.036294813736546111 -0.051182726615404378 0.046772905219667989 0.048134019145245961 -0.011367462292488978 0.064756557003391266 -0.034860471299875982 -0.022133530136124416 0.03851572898618269 0.015600474025041541 -0.017782591351475415 -0.0058840882378294497 0.032542432005744706 -0.051530461530813435 -0.038751156719390292 0.059541126005204163 0.015172111060152357 -0.062934999894873805 0.010579054764869296 0.030801615492879231 0.0057728434293704053 -0.048172255427835584 0.054879193376131986 0.060454614957197388 -0.022401706794803362 0.01842542674714532 -0.022449208185982339
leaf_weight=3.9145801402628413 3.5362287648022157 4.9724018611013872 44.968772048130631 1.0541893057525182 1.1741757392883325 2.7892159707844248 12.643037950620053 25.92807686701417 2.6046562083065501 5.1442821547389013 16.508979154750705 22.063490694388751 26.894096842035651 5.2457800693809977 3.1402951665222671 5.5795886311680096 8.9414148684591037 3.70528953243047 7.3382916413247585 21.829765062779188 1.7875439161434772 6.13739874958992 2.5623487457633018 2.2351811919361353 12.52718115411699 24.288268990814686 2.4674903862178326 12.486820846796034 0.92122980672866095 6.9999812478199592
leaf_count=84 34 48 2541 35 18 23 203 211 22 47 211 174 233 47 22 155 477 184 62 182 39 44 17 19 422 434 35 226 26 234
internal_value=-0.000444909 0.0104519 -0.0298345 -0.0016168 0.0240364 -0.0357117 0.0150048 0.0080319 -0.0197891 0.00390775 0.00782953 0.0114643 0.00124781 0.0277015 0.0451724 -0.0389893 -0.0229883 0.00409151 0.0362285 0.000763585 0.0188687 -0.0101407 -0.00314934 -0.0339643 -0.0324122 0.0489568 0.0233057 -0.0353078 -0.035265 -0.0387607
internal_weight=302.39 220.598 81.7916 116.817 103.782 72.9843 72.7116 60.0685 39.9545 13.8863 76.8621 70.7123 43.4031 27.3093 31.0702 70.195 25.2263 9.28488 12.3107 47.7578 8.80735 11.2817 5.27112 6.14976 26.0682 29.8961 5.60779 25.014 2.70877 15.9414
internal_count=6509 2779 3730 1564 1215 3614 706 503 796 113 768 665 444 221 509 3591 1050 339 110 393 116 91 82 103 683 491 57 648 65 711
is_linear=0
shrinkage=0.05


Tree=57
num_leaves=31
num_cat=0
split_feature=34 20 8 6 4 24 16 23 22 4 38 8 15 22 23 4 34 8 15 5 11 2 38 24 8 2 16 11 6 2
split_gain=36.0502 18.1439 9.10387 8.50253 7.36277 5.11396 5.76635 5.2049 4.65692 4.76206 11.0668 6.31255 4.42378 4.10591 3.8908 3.71082 3.83607 4.70972 5.31667 3.51856 5.75899 3.37267 3.22942 2.71766 2.61079 3.01929 2.55263 2.42427 2.09704 1.64988
threshold=0.13392857462167743 0.93750000000000011 0.56374144554138195 0.29285715520381933 0.91024166345596325 1.5000000000000002 0.84668803215026867 0.90508365631103527 11.500000000000002 0.19433516263961795 0.49151568114757543 0.091431558132171645 0.69459062814712536 26.500000000000004 0.63536417484283458 0.23845060169696811 0.031754031777381904 0.11189358308911325 0.7276916801929475 0.57735043764114391 1.0000000180025095e-35 0.74352160096168529 0.59294700622558605 6.5000000000000009 0.11566332355141641 0.72595521807670604 0.97221684455871593 1.5000000000000002 0.29285715520381933 0.86391696333885204
decision_type=2 2 2 2 2 2 2 2 2 2 2 2 2 2 2 2 2 2 2 2 2 2 2 2 2 2 2 2 2 2
left_child=2 4 15 24 8 6 7 -6 9 11 -11 -2 13 -4 23 16 -1 -18 -19 -7 -21 22 28 -10 -3 27 -17 -26 -14 -15
right_child=1 3 12 -5 5 19 -8 -9 14 10 -12 -13 21 29 -16 26 17 18 -20 20 -22 -23 -24 -25 25 -27 -28 -29 -30 -31
leaf_value=-0.051128591429169458 -0.01408682291479342 0.034723989859933732 -0.039296157445690261 0.047156559540536165 0.015486519594086562 0.082962728686189188 0.05873890419528658 -0.016915154805179036 0.027018413879283318 -0.047446294828972169 0.0041178830830641477 0.069305551805044482 -0.0034490431541518659 -0.013728400624685883 -0.049075377621697044 -0.051117668969710019 -0.042262097832959172 -0.051732104754938404 0.069778167302403632 0.044422664580616479 -0.021235963428362804 0.049218397828753702 -0.039566929630274458 -0.045530863335235108 -0.025040845006305053 0.055421684716200195 0.089713864797245579 0.017474969097954617 0.074526552935925472 0.046214818574231618
leaf_weight=5.5154207358136755 4.2668528296053392 6.9900273233652142 11.580031666904693 38.938278282061219 25.3268340267241 3.142019476741555 4.5004655718803397 24.27224038168788 3.6697871182113913 13.856769509613512 41.778432885184884 4.8473218195140362 2.1284023197367774 2.2706518257036796 11.585523813962935 37.452031946741045 3.2799294479191303 1.2406318224966524 3.2810044512152672 11.356951156631114 4.7308294661343089 4.781136579811573 3.4685547761619091 1.9912389777600763 9.2869559768587369 2.0288978144526473 0.32454470172524352 5.2473630085587493 1.4494174392893908 2.3215916976332664
leaf_count=324 49 49 467 728 228 21 43 180 55 468 318 51 39 22 235 2479 156 48 64 110 41 39 56 45 81 29 3 48 13 20
internal_value=-0.000437131 0.0100616 -0.0293497 0.0328125 0.000908238 0.0124196 0.00454733 -0.000369849 -0.00938643 -0.00323669 -0.00872494 0.0302649 -0.00643477 -0.0234309 -0.0324746 -0.0419073 -0.0192123 0.00335129 0.0364386 0.0345668 0.0251149 0.0168048 -0.00518862 0.00149955 0.009099 -0.00171529 -0.0499078 -0.00969125 0.0281398 0.0165757
internal_weight=296.91 217.817 79.0933 62.4915 155.325 73.3293 54.0995 49.5991 81.9959 64.7494 55.6352 9.11417 27.9998 16.1723 17.2465 51.0936 13.317 7.80157 4.52164 19.2298 16.0878 11.8275 7.04637 5.66103 23.5532 16.5632 37.7766 14.5343 3.57782 4.59224
internal_count=6509 2779 3730 935 1844 623 451 408 1221 886 786 100 656 509 335 3074 592 268 112 172 151 147 108 100 207 158 2482 129 52 42
is_linear=0
shrinkage=0.05


Tree=58
num_leaves=31
num_cat=0
split_feature=34 20 8 3 3 18 36 14 34 8 36 18 9 18 11 3 34 8 15 17 37 5 16 22 34 34 2 22 23 2
split_gain=33.5889 16.9932 8.76404 8.47133 7.82319 6.78711 5.13186 4.90133 4.7768 4.3711 4.18615 4.065 4.00874 3.9617 3.76623 3.65692 3.6555 4.19263 4.73702 3.07031 2.64193 2.38951 2.35569 2.03704 1.77452 1.84013 1.55888 1.00392 0.96208 0.947187
threshold=0.13392857462167743 0.93750000000000011 0.56374144554138195 0.72065573930740368 0.98210361599922191 0.94868421554565441 1.0000000180025095e-35 0.97688889503479015 0.41666667163372045 0.48528139293193823 1.0000000180025095e-35 0.82843136787414562 2.5000000000000004 0.58578431606292736 1.5000000000000002 0.23845060169696811 0.031754031777381904 0.11189358308911325 0.7276916801929475 0.19399641454219821 0.60490828752517711 0.12262799963355066 0.97221684455871593 32.500000000000007 0.04446640424430371 0.087121214717626586 0.93440860509872448 41.500000000000007 0.70859703421592724 0.86391696333885204
decision_type=2 2 2 2 2 2 2 2 2 2 2 2 2 2 2 2 2 2 2 2 2 2 2 2 2 2 2 2 2 2
left_child=2 4 15 8 5 7 11 10 14 -7 -2 23 24 29 20 16 -1 27 -19 -6 -3 -16 -17 -4 26 -26 -8 -18 -5 -14
right_child=1 3 6 28 19 9 12 -9 -10 -11 -12 -13 13 -15 21 22 17 18 -20 -21 -22 -23 -24 -25 25 -27 -28 -29 -30 -31
leaf_value=-0.051071834704682122 -0.015355314836862827 -0.026245813431090705 -0.048278376766793488 0.012998214461584707 -0.025723959546387599 -0.0078583775523545906 -0.037320371156963364 0.055109589442385358 0.055723709575896334 0.055275400173826622 0.0027107456861527107 0.058480121700150836 -0.057906616755796905 0.029576785043503414 0.010817435721500216 -0.051069445066281444 -0.052198497932733005 -0.051615496810128864 0.063038720115440358 0.054959135508471701 0.03444041494423393 0.065656201150245799 0.08086169392011916 0.016293079657470923 0.087284676020282503 0.02642128167651896 0.048774645439582022 0.033444734854262054 0.051609939181005531 -0.011590377064208641
leaf_weight=5.2868064334616047 68.632859385572374 10.50367863848806 9.5434188554063422 1.7029207237064827 1.3678348343819369 4.1710835844278318 1.1449060179293167 3.2658774759620419 5.15347110107541 7.9998880662024021 60.180815926752985 1.1584420166909701 2.9622891200706345 3.4949071798473597 7.9608000274747592 35.567422193475068 2.7751963995397095 1.2214300082996485 3.4326877593994141 8.5462914854288083 2.1626785434782496 2.6469021402299404 0.34159773960709472 1.4006656212732185 2.4862417308613658 2.4812430739402771 0.97225565090775479 0.39030382502824057 30.651748202741146 1.7594938725233076
leaf_count=327 982 93 375 26 18 38 28 19 71 82 557 10 101 31 68 2472 146 51 65 148 28 19 3 21 22 28 15 10 630 25
internal_value=-0.000431117 0.0096913 -0.0289027 0.0320809 0.000863795 -0.00208903 -0.00625727 -0.00538133 0.012167 0.033639 -0.00691498 -0.0305865 0.0129858 -0.0107782 0.00252242 -0.0415635 -0.0189576 0.00275462 0.0329488 0.0438274 -0.0158841 0.0245012 -0.0498144 -0.0400143 0.0405471 0.0568836 0.0022167 -0.0416388 0.0495777 -0.0406476
internal_weight=291.366 214.947 76.4193 60.7822 154.165 144.251 27.4039 132.08 28.4275 12.171 128.814 12.1025 15.3013 8.21669 23.2741 49.0154 13.1064 7.81962 4.65412 9.91413 12.6664 10.6077 35.909 10.9441 7.08465 4.96748 2.11716 3.1655 32.3547 4.72178
internal_count=6509 2779 3730 935 1844 1678 656 1558 279 120 1539 406 250 157 208 3074 599 272 116 166 121 87 2475 396 93 50 43 156 656 126
is_linear=0
shrinkage=0.05


Tree=59
num_leaves=31
num_cat=0
split_feature=33 20 8 3 3 18 34 9 6 24 8 15 22 4 34 8 11 10 10 2 18 4 6 12 26 3 2 23 10 7
split_gain=31.3149 15.9297 8.43743 8.30788 7.36498 6.26357 4.5279 4.16372 5.21188 4.17137 4.16311 3.78624 3.73418 3.66775 3.53578 3.92528 4.17225 3.48806 4.05514 3.04264 2.93153 2.78549 3.07503 2.70937 1.56726 3.72708 1.47008 0.995929 0.977004 0.513109
threshold=7.5000000000000009 0.93750000000000011 0.56374144554138195 0.72065573930740368 0.98210361599922191 0.94868421554565441 0.41666667163372045 4.5000000000000009 0.84523808956146251 1.5000000000000002 0.48528139293193823 0.69459062814712536 26.500000000000004 0.23845060169696811 0.031754031777381904 0.11189358308911325 1.5000000000000002 0.43826219439506536 0.94519516825675975 0.74352160096168529 0.39444445073604589 0.56070175766944896 0.29285715520381933 1.0000000180025095e-35 1.0000000180025095e-35 0.83752354979515087 0.86391696333885204 0.70473173260688793 0.96362435817718517 0.53571429848670971
decision_type=2 2 2 2 2 2 2 2 2 2 2 2 2 2 2 2 2 2 2 2 2 2 2 2 2 2 2 2 2 2
left_child=1 4 13 6 5 7 17 9 -9 -1 -7 12 24 14 -2 28 -17 -3 -19 21 -6 -13 -23 -15 25 -4 -14 -5 -16 -26
right_child=2 3 11 27 20 10 -8 8 -10 -11 -12 19 26 23 15 16 -18 18 -20 -21 -22 22 -24 -25 29 -27 -28 -29 -30 -31
leaf_value=-0.0052506856690635872 -0.051024152501950616 0.044869641278381389 -0.051756064324719624 0.011379287382744005 -0.024663712309739266 -0.00746955117746715 0.055064992312744067 -0.022250642437413974 0.019669972838595402 0.020209167361362187 0.054553170288941334 0.05295825273396898 -0.012771280859404315 -0.051026749974211742 -0.052095933626469353 -0.027339069576362625 0.069555841557906797 -0.01720902913421667 0.042856924741862062 0.046869635801978018 0.054735136331882886 -0.054095745908801146 0.023233397971706295 0.10209768408224584 -0.021666121522205185 0.088373876706983365 0.044612616028925127 0.051383688499643865 0.032999410255264761 -0.053004814043170534
leaf_weight=53.233179761096835 5.0005324957892281 4.0013736635446611 1.2474064258858573 1.6429532356560255 1.3556228596717108 4.1688567809760553 4.9593026638030997 46.528390257619321 8.8199436105787736 23.05629906617105 7.7079304158687592 1.5735055860131959 2.2198429629206649 34.017954263836145 2.6517393635585909 1.8219082141295073 2.8471635766327381 15.70753123611212 3.4220519643276921 4.6345911175012589 8.161913335323332 3.1712341643869877 2.1620785715058446 0.29135571420192619 1.5942181274294851 0.76583269052207459 2.2446599006652832 29.327469933778048 0.38646560255438078 7.2279792092740536
leaf_count=412 324 33 59 25 18 38 71 884 47 215 82 15 22 2480 147 61 51 143 32 39 148 74 19 2 84 7 20 631 9 317
internal_value=-0.000419601 0.00934459 -0.0284586 0.031402 0.000831856 -0.00199288 0.0117112 -0.00513045 -0.0155705 0.00244382 0.0327826 -0.00609193 -0.022402 -0.0412273 -0.018281 0.0029629 0.0317467 0.00241613 -0.00646395 0.0155296 0.043426 -0.00550003 -0.0227472 -0.0497264 -0.0382578 0.00154912 0.0160802 0.0492615 -0.0412716 -0.0473417
internal_weight=285.951 212.093 73.8585 59.0607 153.032 143.515 28.0903 131.638 55.3483 76.2895 11.8768 26.8413 15.2999 47.0171 12.7078 7.70728 4.66907 23.131 19.1296 11.5414 9.51754 6.90682 5.33331 34.3093 10.8354 2.01324 4.4645 30.9704 3.0382 8.8222
internal_count=6509 2779 3730 935 1844 1678 279 1558 931 627 120 656 509 3074 592 268 112 208 175 147 166 108 93 2482 467 66 42 656 156 401
is_linear=0
shrinkage=0.05


Tree=60
num_leaves=31
num_cat=0
split_feature=5 20 4 4 11 8 7 10 11 2 33 33 24 17 9 20 7 10 11 10 5 10 9 20 4 19 31 38 22 23
split_gain=29.7303 17.1482 16.8388 9.22441 7.83554 5.97634 5.83228 5.43537 5.34581 4.99049 4.222 4.16626 4.90375 3.89728 3.60272 3.59994 4.15621 4.1756 3.27744 3.20611 2.41098 2.16854 3.9252 2.11824 1.52489 3.93906 1.27609 0.806138 0.783712 0.492044
threshold=0.2124435901641846 0.81666666269302379 0.20169491320848468 0.55403152108192455 1.0000000180025095e-35 0.10084745660424234 0.92857143282890331 0.96922349929809581 1.0000000180025095e-35 0.90219989418983471 31.500000000000004 36.500000000000007 1.5000000000000002 0.21807064861059192 21.500000000000004 0.93750000000000011 0.41428571939468389 0.3706690520048142 1.0000000180025095e-35 0.6195238232612611 0.45080643892288214 0.6195238232612611 5.5000000000000009 0.93750000000000011 0.24316334724426272 0.83375209569931041 1.0000000180025095e-35 0.61320009827613842 4.5000000000000009 0.70473173260688793
decision_type=2 2 2 2 2 2 2 2 2 2 2 2 2 2 2 2 2 2 2 2 2 2 2 2 2 2 2 2 2 2
left_child=2 3 5 -2 11 7 15 18 -7 19 14 12 -5 -3 -10 24 17 -17 -1 -6 21 -15 -23 -20 25 -4 -13 -26 -11 -22
right_child=1 13 6 4 9 8 -8 -9 10 28 -12 26 -14 20 -16 16 -18 -19 23 -21 29 22 -24 -25 27 -27 -28 -29 -30 -31
leaf_value=0.021285117848846766 0.086432409011212047 -0.038648503308118837 -0.051120729723423776 0.0043732678852412728 0.0081281505810978875 -0.079264895986995029 0.071123087998506931 0.048944400689135921 0.05233683256916688 0.055565989347127399 -0.050874873607755312 -0.053178235107344346 0.030275137352674227 0.067276777739275609 -0.029262613408333766 0.076586511309889527 0.063583175142394296 -0.038238011305680712 -0.056053261684979927 -0.024606042147558752 0.022348158241094082 0.034315695956487806 -0.03626998942272943 -0.0071496993919448167 -0.050930411996241209 0.052378313096596497 0.016274244597603595 0.0034203698887767275 0.01445800505134155 0.051174113525297819
leaf_weight=2.5800245525315431 3.2310461383312932 1.5515330228954543 2.9450355321168891 57.910972775891423 9.1714122984558326 1.0986266061663634 1.173492683097719 2.6718312678858629 12.121128520928321 2.3917058873921624 1.3059533433988697 3.2637113993987432 26.696488860063255 2.1652388256043187 1.5226011294871558 0.87306188885122438 1.4439633470028628 8.5014830306172353 7.4646498402580601 40.566122150048614 1.5638344138860727 6.1072833836078626 2.9070688216015697 3.1481344904750586 43.23434794973582 1.3365002525970338 0.82945860177278508 0.69317952357232471 2.2503184899687767 27.744219813495874
leaf_count=47 31 19 162 541 152 27 16 35 153 17 84 138 281 29 29 8 15 195 300 580 26 73 22 27 2797 22 7 10 29 637
internal_value=-0.000409696 0.0109747 -0.023688 0.00288778 0.00100117 0.0056737 -0.0392528 -0.0160885 0.0271869 -0.0139426 0.0350098 0.0101627 0.0125462 0.0391201 0.0432306 -0.0414471 -0.0153814 -0.0275443 -0.0292591 -0.01857 0.0421003 0.0223449 0.0115523 -0.0415467 -0.0472965 -0.018813 -0.0391041 -0.0500728 0.035638 0.049636
internal_weight=280.464 188.35 92.114 146.311 143.08 31.9129 60.2011 15.8646 16.0483 54.3796 14.9497 88.7006 84.6075 42.0392 13.6437 59.0276 10.8185 9.37454 13.1928 49.7375 40.4876 11.1796 9.01435 10.6128 48.2091 4.28154 4.09317 43.9275 4.64202 29.3081
internal_count=6509 2582 3927 1776 1745 702 3225 409 293 778 266 967 822 806 182 3209 218 203 374 732 787 124 95 327 2991 184 145 2807 46 663
is_linear=0
shrinkage=0.05


Tree=61
num_leaves=31
num_cat=0
split_feature=33 20 3 23 3 39 14 5 4 3 34 36 33 23 36 15 9 38 2 8 2 8 23 4 8 15 9 39 11 10
split_gain=27.6684 13.9512 7.96935 7.78111 6.75804 5.92798 5.61765 4.60171 8.19781 6.75002 4.25945 3.87655 3.35344 4.51471 3.14535 3.55413 2.02986 1.86412 1.8568 1.75365 1.66052 1.3356 1.02436 1.01109 3.01591 0.231538 0.176311 0.175679 0.143251 0.971571
threshold=7.5000000000000009 0.93750000000000011 0.72065573930740368 0.46228787302970892 0.98210361599922191 0.73539844155311596 0.97688889503479015 0.2124435901641846 0.60107529163360607 0.24316334724426272 0.41666667163372045 1.0000000180025095e-35 26.500000000000004 0.99606299400329601 1.0000000180025095e-35 0.9400460720062257 2.5000000000000004 0.47478812932968145 0.82009246945381176 0.11566332355141641 0.93440860509872448 0.12834591418504718 0.70042735338211071 0.18561584502458575 0.11852502077817918 0.73357313871383678 10.500000000000002 0.71240410208702099 1.0000000180025095e-35 0.96720427274703991
decision_type=2 2 2 2 2 2 2 2 2 2 2 2 2 2 2 2 2 2 2 2 2 2 2 2 2 2 2 2 2 2
left_child=1 4 10 16 6 11 7 9 -9 -1 14 23 13 -13 15 -3 -2 -6 21 -16 -14 -18 -4 24 -5 -23 -12 -25 -24 -30
right_child=3 2 22 5 17 -7 -8 8 -10 -11 26 12 20 -15 19 -17 18 -19 -20 -21 -22 25 28 27 -26 -27 -28 -29 29 -31
leaf_value=0.0052132066872793478 0.049183258643178226 -0.064641289673347979 0.0093182216636222281 -0.047908805718985641 -0.0015007732226404308 0.036333035445603054 0.05430447791777801 0.094042090543743018 -0.00086089564437609629 -0.043013003675074518 0.060402585637910344 -0.013307906394375305 -0.045940683824732161 0.085087903486013083 0.063192933383695873 -0.00049517713503956673 0.04652421864569134 0.054364560306462834 0.02875206277409556 0.011745454472112817 0.049252638711240519 -0.064993820223696028 0.05284950916308976 -0.051199040400794454 0.038075317123112573 -0.030197300937698054 0.038362731178143886 -0.01809239806664855 0.052725872128425944 -0.004976187950660637
leaf_weight=13.265136972069742 3.2231167331337911 2.8368662912398621 1.5618091747164751 4.3713550716638556 1.8859115354716758 2.870467532426118 4.3225172702223054 2.3256736453622571 105.48650178685784 16.016099685803056 3.4026241600513449 10.240222312510014 9.7121939091011846 1.315544797107578 2.0412395000457773 9.0423904843628389 0.4310181746259335 7.1716612987220287 2.4331085234880447 8.7845218721777183 0.48078921623528081 1.1584045225754378 21.243096180260185 30.51147350482643 1.330126855522394 0.81400510389357794 1.2373937182128427 0.40604256093501945 4.7529516629874697 0.86178214102983464
leaf_count=209 34 38 24 270 26 26 30 28 817 594 44 416 607 16 17 73 10 140 17 80 9 17 509 2222 44 38 27 4 106 17
internal_value=-0.000404192 0.00878016 0.0301421 -0.0277378 0.000863525 -0.0338161 -0.00181816 -0.00358769 0.00118631 -0.0211653 0.0108726 -0.0372659 -0.0205457 -0.00210622 0.00195172 -0.0158138 0.0184454 0.0427326 -0.00203869 0.0214461 -0.0414505 -0.0332097 0.0486831 -0.0471964 -0.0278491 -0.0506334 0.054525 -0.0507642 0.0509722 0.0438694
internal_weight=275.536 206.238 55.7647 69.2979 150.474 61.2382 141.416 137.093 107.812 29.2812 27.345 58.3677 21.7488 11.5558 22.705 11.8793 8.05965 9.05757 4.83654 10.8258 10.193 2.40343 28.4196 36.619 5.70148 1.97241 4.64002 30.9175 26.8578 5.61473
internal_count=6509 2779 935 3730 1844 3614 1678 1648 845 803 279 3588 1048 432 208 111 116 166 82 97 616 65 656 2540 314 55 71 2226 632 123
is_linear=0
shrinkage=0.05


Tree=62
num_leaves=31
num_cat=0
split_feature=34 20 4 8 9 4 6 7 6 2 36 23 9 15 15 17 37 4 9 18 18 34 8 9 34 10 36 19 12 24
split_gain=25.735 13.0757 7.65235 7.52388 5.97255 5.23881 7.93377 5.57212 4.61075 4.42668 4.39971 3.98036 4.91273 4.23433 3.73924 7.14202 3.69976 3.64849 3.43404 3.42831 3.42268 3.27977 3.42198 3.91904 3.01055 2.45934 2.42792 3.78162 2.31009 2.18606
threshold=0.13392857462167743 0.93750000000000011 0.8029850721359254 0.56374144554138195 4.5000000000000009 0.95040982961654674 0.64583334326744091 0.73214286565780651 0.84523808956146251 0.74352160096168529 1.0000000180025095e-35 0.90818965435028087 1.0000000180025095e-35 0.55898165702819835 0.81023570895195018 0.50999999046325695 0.05895791947841645 0.23845060169696811 2.5000000000000004 0.82843136787414562 0.58578431606292736 0.031754031777381904 0.11189358308911325 12.500000000000002 0.41666667163372045 0.93405798077583324 1.0000000180025095e-35 0.66517192125320446 1.0000000180025095e-35 1.0000000180025095e-35
decision_type=2 2 2 2 2 2 2 2 2 2 2 2 2 2 2 2 2 2 2 2 2 2 2 2 2 2 2 2 2 2
left_child=3 4 24 17 5 6 7 -2 14 -8 19 13 -13 -7 16 -16 -6 21 25 -5 -20 -1 -23 -24 26 -12 27 -3 -19 -10
right_child=1 2 -4 10 8 11 9 -9 29 -11 18 12 -14 -15 15 -17 -18 28 20 -21 -22 22 23 -25 -26 -27 -28 -29 -30 -31
leaf_value=-0.050937675981054246 0.0038883605310711202 -0.073809370519661271 0.047008435959683618 -0.039137281677704007 0.061267603775152682 -0.02455917025859166 0.024572422154793556 0.05264107183366995 -0.0069125255780768079 -0.041396130738517042 0.092554763511960861 0.049065992144836208 -0.01917181142732572 0.049931404523654022 0.021299395816035988 -0.025640880908321846 -0.051436333006405703 -0.05092053398180351 -0.03979880832994253 0.054632268735163095 0.027478071195066036 -0.040687757701973672 0.070077004988559219 -0.02200440309312509 0.054606726314929244 0.021598017601576747 0.021488283466341671 0.0004367484776131394 0.086615276837490027 0.041829796788134067
leaf_weight=4.4074194449931365 38.776968797668815 2.0586474528536245 28.990316959097981 9.7427280833944661 0.78337031975388427 2.1715358868241372 3.1299786232411888 6.9044387061148873 4.1149001531302911 13.559869136661289 1.6046251561492679 3.9535683840513212 7.9243718422949314 15.705205965787171 11.989492517895995 25.001283913850784 10.334492788650094 29.728608253411952 4.3251963444054127 1.0831235423684127 3.3584090620279312 2.7601838819682598 2.62131417542696 2.066431425511837 3.207575660198926 5.1099197845906019 9.6901438552886248 10.274728493764995 0.30847497284412284 5.2164415866136551
leaf_count=324 399 28 702 396 19 29 19 44 24 102 18 65 43 172 217 340 341 2480 126 10 31 156 57 55 37 75 82 86 2 30
internal_value=-0.000394337 0.0084497 0.0294848 -0.0272477 0.000823939 0.00871344 0.00047812 0.011257 -0.0118298 -0.0290245 -0.00567339 0.0259762 0.00354112 0.0408828 -0.0180687 -0.0104265 -0.0434952 -0.0402379 0.0124339 -0.0297557 -0.0103929 -0.0167508 0.00347983 0.0294861 0.00935036 0.0385551 0.00275908 -0.0119562 -0.0495081 0.0203356
internal_weight=270.904 203.787 54.2214 67.1164 149.566 92.1259 62.3713 45.6814 57.44 16.6898 25.224 29.7547 11.8779 17.8767 48.1086 36.9908 11.1179 41.8924 14.3982 10.8259 7.68361 11.8553 7.44793 4.68775 25.2311 6.71454 22.0235 12.3334 30.0371 9.33134
internal_count=6509 2779 935 3730 1844 873 564 443 971 121 656 309 108 201 917 557 360 3074 250 406 157 592 268 112 233 93 196 114 2482 54
is_linear=0
shrinkage=0.05


Tree=63
num_leaves=31
num_cat=0
split_feature=5 38 18 20 18 7 17 3 3 14 8 3 37 18 9 15 8 10 22 23 20 7 23 10 9 10 17 37 20 3
split_gain=24.2112 15.1108 14.8454 8.85864 5.96152 5.62267 5.20298 6.32969 5.35688 4.84546 4.09432 4.83345 6.13547 5.1908 4.11184 3.71492 3.13503 2.98996 2.70097 2.22295 2.02856 3.5634 1.66401 1.62329 0.605392 2.29951 0.315454 0.0621109 0.0172762 0.00974744
threshold=0.2124435901641846 0.24316334724426272 0.94590643048286449 0.93750000000000011 0.56696429848670971 0.92857143282890331 0.23431372642517093 0.98210361599922191 0.51668518781661998 1.0000000180025095e-35 0.095811817795038237 0.20169491320848468 0.19650863856077197 0.60555556416511547 3.5000000000000004 0.59951692819595348 0.61167800426483165 0.92637759447097789 15.500000000000002 0.95904389023780834 0.93750000000000011 0.41428571939468389 0.9112517535686494 0.3364779949188233 7.5000000000000009 0.74239632487297069 0.91287881135940563 0.41894347965717321 0.46428571641445165 0.61651584506034862
decision_type=2 2 2 2 2 2 2 2 2 2 2 2 2 2 2 2 2 2 2 2 2 2 2 2 2 2 2 2 2 2
left_child=1 4 3 6 -1 16 9 8 -8 -2 14 13 -13 -12 22 -5 20 -11 19 -17 26 -22 -6 -16 27 29 -3 -4 -29 -26
right_child=2 5 24 15 10 -7 7 -9 -10 17 11 12 -14 -15 23 18 -18 -19 -20 -21 21 -23 -24 -25 25 -27 -28 28 -30 -31
leaf_value=-0.05110706250454139 0.021603779242471036 -0.05024897445316167 0.06455167143244199 -0.042773155668459364 -0.01143076828560613 0.069570941903140657 0.054835541671921333 0.053716579488350659 -0.0011122790073941043 -0.051862192899235951 0.12343654419206201 -0.054708157590895826 0.067652516979055083 0.028142334222052885 0.023126076707754951 0.051430185589588617 0.03381683002569371 -0.0079609945028480365 -0.011955410000363457 0.011140725120907198 -0.035616327699340977 0.058485847944385931 0.045212057604939869 -0.051219809839329937 0.058935096972046769 -0.021848794978893624 -0.010442914788161983 0.058060287357370947 0.052779750633181459 0.053299912169116094
leaf_weight=4.5235296189784995 4.7604298368096378 38.162606447935104 1.3711384274065519 1.5489207440987254 2.3966901469975728 1.140590602532028 4.4632106954231849 6.0610350593924514 103.34936807211488 10.473870454356076 1.6039052316918994 3.4784586606547228 1.4521783441305158 13.10660681966692 0.85106101725250471 16.515985490754254 1.3014487642794836 6.1590469535440198 2.4966082051396361 4.3189041912555686 7.4255351601168496 1.1636724546551702 2.8248144332319498 5.3476088354364038 1.104246070608496 1.3305840753018854 0.50428872182965179 1.7625005394220323 12.782553726807237 2.5155445039272308
leaf_count=301 33 2771 12 18 33 16 75 121 826 442 47 156 16 174 23 364 20 168 30 84 182 14 23 147 15 12 4 20 307 55
internal_value=-0.000387751 -0.0223522 0.00996057 0.00479194 0.0025204 -0.0401614 -0.000251499 0.00399888 0.00120384 -0.0228757 0.0103303 0.0241724 -0.0186703 0.0385324 -0.0134763 0.0322115 -0.042739 -0.0356059 0.0371896 0.0430785 -0.0448473 -0.0228673 0.0192128 -0.0410123 0.049629 0.0343581 -0.0497298 0.0543786 0.0534196 0.055019
internal_weight=266.297 85.283 181.014 160.147 35.5849 49.6981 135.267 113.874 107.813 21.3933 31.0613 19.6411 4.93064 14.7105 11.4202 24.8804 48.5576 16.6329 23.3315 20.8349 47.2561 8.58921 5.2215 6.19867 20.8666 4.95037 38.6669 15.9162 14.5451 3.61979
internal_count=6509 3927 2582 2161 920 3007 1665 1022 901 643 619 393 172 221 226 496 2991 610 478 448 2971 196 56 170 421 82 2775 339 327 70
is_linear=0
shrinkage=0.05


Tree=64
num_leaves=31
num_cat=0
split_feature=33 20 3 5 3 8 9 3 3 16 39 15 26 6 3 15 33 10 22 15 15 15 23 8 23 33 5 5 5 38
split_gain=22.4604 12.4778 8.45245 7.2913 9.65289 5.50365 5.73487 5.20722 5.03744 5.05166 4.94922 4.94068 4.37565 4.22393 4.08333 4.00386 3.0868 4.11692 2.26277 2.23862 6.6017 4.97539 1.26132 1.04722 0.828893 1.53688 0.805954 0.696612 0.681109 0.457282
threshold=16.500000000000004 0.81666666269302379 0.72065573930740368 0.2124435901641846 0.24316334724426272 0.11189358308911325 3.5000000000000004 0.82891985774040233 0.51668518781661998 0.52290210127830516 0.30747681856155401 0.9972972869873048 1.0000000180025095e-35 0.44949495792388922 0.98210361599922191 0.83047896623611461 2.5000000000000004 0.43826219439506536 26.500000000000004 0.86696165800094616 0.89248153567314159 0.88261792063713085 0.68020617961883556 0.61167800426483165 0.54702240228652965 41.500000000000007 0.29679679870605474 0.29198718070983892 0.26975052058696752 0.87570226192474376
decision_type=2 2 2 2 2 2 2 2 2 2 2 2 2 2 2 2 2 2 2 2 2 2 2 2 2 2 2 2 2 2
left_child=1 3 15 4 5 6 -1 19 9 28 -7 14 -9 23 -10 27 -17 -18 -14 24 21 26 -4 -6 25 -2 -21 -3 -5 -13
right_child=7 2 22 8 13 10 -8 12 11 -11 -12 29 18 -15 -16 16 17 -19 -20 20 -22 -23 -24 -25 -26 -27 -28 -29 -30 -31
leaf_value=0.016043315334276012 0.019885456086207006 -0.058400185118856564 -0.0007273451785918915 -0.051859145585916394 -0.050720335734340642 0.069270899856379811 -0.059708429465562443 0.070531262837229811 -0.0016235980061183775 0.095753039829009678 -0.01530521331424764 0.058422969368319748 -0.050156988632647261 0.075221399156275945 0.034918896489569841 0.055064841929357358 0.050979566329934334 -0.0034530905761795934 0.031054547302465818 -0.050715318356745635 -0.05009350092693287 0.14787878284509787 0.050460680935522841 0.018199036928873952 -0.048509443562452383 -0.057593926131467216 0.045556213698943644 -0.0097481949262185862 0.018498841231844237 0.023930457211044375
leaf_weight=5.6596053075045365 1.2818784657865792 2.2942593144252927 1.266720544546845 0.76441459264606126 18.494080586358912 4.8387423129752269 4.4732721783220768 1.9844389781355847 109.85743232816458 2.8979713544249535 2.6921155722811818 4.0472363848239175 2.4142165957018737 0.71378049813210864 8.2164088143035752 4.0682705491781261 4.355888118036094 17.151956058107316 1.3303715288639066 0.59745941217988618 3.7185922358185053 0.92071619722992182 24.094896111637354 0.5681112315505733 28.292776133865118 1.2782906247302888 0.34175016358494759 1.0830846559256313 0.62539933063089848 1.2600532826036213
leaf_count=65 39 62 18 30 1023 62 140 16 927 18 74 56 88 13 163 69 34 162 12 49 205 18 642 8 2426 41 4 12 10 23
internal_value=-0.000381416 0.00604078 0.0268293 -0.000797913 -0.0202007 0.00666266 -0.0173981 -0.0338057 0.00489207 0.0581692 0.0390368 0.00304057 0.010506 -0.0441948 0.000919286 0.00836893 0.0151255 0.00757091 -0.0213043 -0.0407739 -0.0116257 0.0652837 0.047904 -0.0486663 -0.0460442 -0.0187999 -0.015685 -0.0427979 -0.0201989 0.0502338
internal_weight=261.584 219.424 54.3151 165.109 37.4397 17.6637 10.1329 42.1605 127.669 4.28779 7.53086 123.381 5.72903 19.776 118.074 28.9535 25.5761 21.5078 3.74459 36.4315 5.57852 1.85993 25.3616 19.0622 30.8529 2.56017 0.93921 3.37734 1.38981 5.30729
internal_count=6509 3611 999 2612 1385 341 205 2898 1227 58 136 1169 116 1044 1090 339 265 196 100 2782 276 71 660 1031 2506 80 53 74 40 79
is_linear=0
shrinkage=0.05


Tree=65
num_leaves=31
num_cat=0
split_feature=35 20 3 9 3 2 3 23 10 4 4 6 6 15 11 16 26 15 35 10 23 15 15 15 22 16 18 23 20 37
split_gain=21.0558 11.62 8.22686 6.70034 4.94085 4.908 4.51728 5.27109 4.20611 4.80572 4.07673 7.39152 5.82337 4.23329 4.3101 4.22849 4.03518 3.69649 2.95894 3.77023 2.35168 2.17659 6.04101 4.04665 2.11816 1.75479 1.48058 1.24666 0.737335 0.712202
threshold=2.8617925643920903 0.81666666269302379 0.72065573930740368 4.5000000000000009 0.82891985774040233 0.66190478205680858 0.71516755223274242 0.58658170700073253 0.6789083480834962 0.19433516263961795 0.95040982961654674 0.64583334326744091 0.29285715520381933 0.59317129850387584 1.0000000180025095e-35 0.68927204608917247 1.0000000180025095e-35 0.83047896623611461 1.2424533367156985 0.48912529647350317 0.64126753807067882 0.86696165800094616 0.89248153567314159 0.88261792063713085 26.500000000000004 0.49468025565147405 0.85164836049079906 0.68020617961883556 0.21111111342906955 0.067878771573305144
decision_type=2 2 2 2 2 2 2 2 2 2 2 2 2 2 2 2 2 2 2 2 2 2 2 2 2 2 2 2 2 2
left_child=1 3 17 10 21 8 25 -8 9 -5 11 12 -1 20 -15 -13 -6 -3 -19 -20 -12 26 23 28 -18 -7 29 -4 -23 -2
right_child=4 2 27 5 16 6 7 -9 -10 -11 13 15 -14 14 -16 -17 24 18 19 -21 -22 22 -24 -25 -26 -27 -28 -29 -30 -31
leaf_value=-0.0095448024806486804 -0.025325987249246493 -0.041929590099293382 -0.00069065213727105134 0.033677333586641066 0.068323152857499028 -0.0052139746408596645 0.066715822153396484 -0.014681455831129226 -0.05524859963985667 -0.028746366037082333 0.019202690664090246 -0.048829054716710202 0.02436496162520798 0.023028821274362246 0.086553035986268415 0.0028365283759607739 -0.049533938635860787 0.054500133958472599 0.04575534974740568 -0.0041792290854367796 -0.054475898864114275 -0.050910199538719253 -0.049833888914335572 0.13075899412563546 0.029934051688579617 0.054264676202513379 0.041984508267833613 0.050247604740302966 0.041694722061204774 -0.050007351725104711
leaf_weight=21.989623709581792 3.2971230037510457 3.2783733895048526 1.2673043459653879 3.9905117852613392 1.9471111521124829 1.7202401207759965 2.133811209350827 29.294037498533726 9.9483027467504126 13.560079731047152 1.9117814451456094 10.010447571054103 29.844243423081934 22.793382743373517 3.0245523937046519 6.5524828955531111 2.3246363690122966 3.9089505765587118 4.896402325481179 16.580906044691801 2.4982902528718114 0.56098645832389482 3.5552027160301805 0.98731286264955997 1.3116487041115759 4.4425043128430843 0.47288258373737235 23.014528857544065 0.34847091045230627 25.747756592929363
leaf_count=445 223 74 18 105 16 34 11 252 413 617 15 85 234 251 21 43 88 69 41 155 52 44 205 18 12 34 8 642 9 2275
internal_value=-0.000375623 0.00581353 0.0261749 -0.000771496 -0.033442 -0.0132227 -0.00147958 -0.00915494 -0.0292755 -0.014553 0.00744596 0.000687939 0.00997933 0.0227373 0.0304706 -0.0283896 0.0102352 0.00803494 0.0144873 0.00720487 -0.022536 -0.0404157 -0.0113904 0.060666 -0.0208689 0.0376621 -0.0457767 0.0475891 -0.0154274 -0.0472056
internal_weight=257.214 216.661 52.9465 163.714 40.5531 65.0895 37.5906 31.4278 27.4989 17.5506 98.6248 68.3968 51.8339 30.228 25.8179 16.5629 5.5834 28.6646 25.3863 21.4773 4.41007 34.9697 5.45197 1.89677 3.63629 6.16274 29.5178 24.2818 0.909457 29.0449
internal_count=6509 3611 999 2612 2898 1466 331 263 1135 722 1146 807 679 339 272 128 116 339 265 196 67 2782 276 71 100 68 2506 660 53 2498
is_linear=0
shrinkage=0.05


Tree=66
num_leaves=31
num_cat=0
split_feature=33 20 3 9 8 3 8 23 10 3 14 24 21 17 16 16 10 34 16 22 18 20 11 23 24 39 24 39 10 8
split_gain=19.7337 10.8108 8.0054 6.11536 4.83138 4.68851 4.64853 4.64812 4.17524 4.32757 3.91779 4.62853 7.47744 4.02737 3.85382 3.4001 3.04987 3.87861 2.37213 2.4924 2.03615 2.64959 1.7828 1.2321 1.14617 0.931833 0.799261 0.772079 2.93486 0.305241
threshold=16.500000000000004 0.81666666269302379 0.72065573930740368 4.5000000000000009 0.65545505285263073 0.82891985774040233 0.70678734779357921 0.58658170700073253 0.6789083480834962 0.19433516263961795 0.97688889503479015 1.0000000180025095e-35 0.75000000000000011 0.28348214924335485 0.63224515318870556 0.49468025565147405 0.43826219439506536 0.41666667163372045 0.091431558132171645 26.500000000000004 0.71008405089378368 0.46428571641445165 2.5000000000000004 0.68020617961883556 1.5000000000000002 0.69336795806884777 3.5000000000000004 0.19993567466735843 0.91366460919380199 0.65545505285263073
decision_type=2 2 2 2 2 2 2 2 2 2 2 2 2 2 2 2 2 2 2 2 2 2 2 2 2 2 2 2 2 2
left_child=1 3 15 10 8 20 14 -8 9 -5 11 12 -1 -13 -6 24 -17 -18 19 -7 25 22 29 -4 -3 27 -23 28 -2 -22
right_child=5 2 23 4 6 18 7 -9 -10 -11 -12 13 -14 -15 -16 16 17 -19 -20 -21 21 26 -24 -25 -26 -27 -28 -29 -30 -31
leaf_value=0.0034226304628384228 -0.052115130299669549 -0.057911566302566934 -0.00065582346962834222 0.030695965224810159 0.081510410721792576 -0.055824913786084687 0.06337857408573068 -0.012984962452166413 -0.055039186714404956 -0.027979263591091621 0.059603375736968514 -0.015609331506171718 -0.051366561235710095 0.019501887620427403 -0.0081297240061214086 0.052334067108375959 -0.0036910686150578224 0.054038077513102467 0.050617193026115719 0.031852295402886525 -0.05123371804070035 -0.0021115106304081268 0.057559156047313875 0.050035507775451182 0.0017444681162896011 0.014087283258533312 0.05940353381944119 -0.050788197754883746 0.057847980399129355 0.0032154540357770276
leaf_weight=27.129726628772914 2.437792336568243 2.3795721149072082 1.2678589969873453 4.113789218477911 2.8789903381839386 1.8222787175327533 2.1338471360504618 30.12910414300859 9.7113379966467601 13.309572964906691 3.4305216483771792 9.7757983757182938 8.0826399940997344 49.63157772179693 2.0547809973359108 4.3461167626082924 16.954673970118169 3.5122878942638627 2.1629720786586404 1.4599516689777372 3.7536314614117137 0.98565482627600465 0.44877684954553831 21.982570016756654 1.2169119939208028 0.62718622945248981 1.1373394820839164 23.096805083565414 0.80786706320941437 0.27634425833821286
leaf_count=322 194 63 18 107 34 73 11 261 418 616 27 174 59 564 19 37 160 62 29 14 281 31 27 642 17 7 11 2195 32 4
internal_value=-0.000369448 0.00559183 0.0255142 -0.000746252 -0.0127254 -0.0330725 -0.00102219 -0.00793434 -0.0287683 -0.0141256 0.00711333 0.00521026 -0.00915367 0.0137242 0.0441777 0.00770813 0.0142935 0.0062157 0.00996434 -0.0168257 -0.040053 -0.0151645 -0.036973 0.0472713 -0.0377263 -0.0461453 0.0308436 -0.0475794 -0.0247446 -0.0475
internal_weight=253.058 214.042 51.66 162.382 64.3314 39.0166 37.1967 32.263 27.1347 17.4234 98.0503 94.6197 35.2124 59.4074 4.93377 28.4096 24.8131 20.467 5.4452 3.28223 33.5714 6.60175 4.47875 23.2504 3.59648 26.9697 2.12299 26.3425 3.24566 4.02998
internal_count=6509 3611 999 2612 1466 2898 325 272 1141 723 1146 1119 381 738 53 339 259 222 116 87 2782 354 312 660 80 2428 42 2421 226 285
is_linear=0
shrinkage=0.05


Tree=67
num_leaves=31
num_cat=0
split_feature=33 20 3 38 39 8 9 3 14 15 3 26 10 34 10 10 3 15 10 17 3 15 15 2 24 3 11 15 33 37
split_gain=18.4839 10.0647 7.77538 5.5823 9.70761 7.72618 5.28469 4.77839 4.76675 4.94622 4.45658 3.58 3.28248 3.21152 3.67385 3.76296 2.95228 3.32036 2.91933 2.59379 2.26993 2.12234 5.4954 3.36825 1.87863 1.7907 0.879272 1.86158 0.830923 0.640194
threshold=16.500000000000004 0.81666666269302379 0.72065573930740368 0.4490660578012467 0.30747681856155401 0.11189358308911325 3.5000000000000004 0.98210361599922191 0.53093111515045177 0.9972972869873048 0.82891985774040233 1.0000000180025095e-35 0.93405798077583324 0.41666667163372045 0.43826219439506536 0.94519516825675975 0.90999102592468273 0.59951692819595348 0.20761494338512423 0.76696833968162548 0.19433516263961795 0.86696165800094616 0.89248153567314159 0.23845060169696811 4.5000000000000009 0.57307061553001415 1.0000000180025095e-35 0.92837411165237438 5.5000000000000009 0.067878771573305144
decision_type=2 2 2 2 2 2 2 2 2 2 2 2 2 2 2 2 2 2 2 2 2 2 2 2 2 2 2 2 2 2
left_child=1 3 13 4 5 6 -1 8 12 -10 21 -12 -5 14 19 -16 18 -18 -6 -3 -7 29 23 -23 -13 -25 -4 -28 -9 -2
right_child=10 2 26 7 16 20 -8 28 9 -11 11 24 -14 -15 15 -17 17 -19 -20 -21 -22 22 -24 25 -26 -27 27 -29 -30 -31
leaf_value=0.015130640502722437 -0.024154593419418335 -4.7138828867171752e-05 0.052302489037891135 0.051648454266804394 0.081162336187961509 0.07323474534081853 -0.059276360653424287 0.053551120037598321 -0.0035918721280482724 0.047172029679687623 0.06523070822022535 -0.048748481063939933 -0.0058973921623800803 0.05049445733542423 -0.018265846328921035 0.039325174158763833 -0.052002939894470912 0.055603136699761614 -0.045262812709570152 0.076751697220079795 0.015406294744358416 0.14509021273191952 -0.049477057966160413 -0.046417329890245218 0.027652182648346221 0.076407062799039235 -0.011213572056623964 0.051903439684594016 0.0042744419404128452 -0.048121363759352345
leaf_weight=5.6420386983081716 3.1545062903314856 2.0113965542987051 17.257706597447399 7.6896890141069871 0.466519095003611 4.5640506558120242 4.1354583194479346 5.6191332992166272 96.491333833895624 5.0495887547731391 1.8772594071924675 2.1798119293525819 3.6563782505691051 3.7474114634096614 16.51891521085054 3.4243193669244638 1.2302294140681618 1.7180346101522443 21.523112514987588 2.4248250927776098 2.7013327581807971 0.69339398015290399 3.2977039022371173 0.68437664117664077 1.2753863111138342 0.52393545210361481 1.8564582858234633 3.1512670908123255 1.0091332979500292 23.873094285838306
leaf_count=64 224 25 529 99 6 49 136 135 851 61 16 88 40 72 187 37 41 12 1064 18 40 11 205 56 12 4 37 94 14 2282
internal_value=-0.000362984 0.00536739 0.0248755 -0.000719809 -0.0164047 0.0126796 -0.0163403 0.00478965 0.00236708 -0.0010674 -0.0326904 0.00965027 0.0331038 0.00740104 0.000777073 -0.00837728 -0.0362813 0.0107021 -0.0425807 0.0419309 0.0517336 -0.0396963 -0.0104417 0.0572487 -0.0205474 0.00684048 0.0469501 0.0285048 0.0460489 -0.0453241
internal_weight=249.448 211.888 50.3923 161.496 41.9808 17.0429 9.7775 119.515 112.887 101.541 37.5595 5.33246 11.3461 28.1269 24.3795 19.9432 24.9379 2.94826 21.9896 4.43622 7.26538 32.227 5.19941 1.90171 3.4552 1.20831 22.2654 5.00773 6.62827 27.0276
internal_count=6509 3611 999 2612 1412 289 200 1200 1051 912 2898 116 139 339 267 224 1123 53 1070 43 89 2782 276 71 100 60 660 131 149 2506
is_linear=0
shrinkage=0.05


Tree=68
num_leaves=31
num_cat=0
split_feature=5 2 18 4 11 36 3 2 8 18 18 7 10 10 19 8 24 20 10 10 9 10 4 39 4 20 5 33 33 33
split_gain=17.5692 12.9954 12.4387 10.4667 7.24862 7.20458 6.61868 5.29126 5.04399 4.99502 5.45668 4.78021 4.14714 3.66739 3.71039 2.79654 2.67157 1.72385 3.55912 0.947509 0.680689 3.73793 0.299089 0.040798 0.0398935 0.0121628 0.00511195 0.00143458 0.000372925 9.48032e-05
threshold=0.2124435901641846 0.24316334724426272 0.94590643048286449 0.55403152108192455 1.0000000180025095e-35 1.0000000180025095e-35 0.81302964687347423 0.89022758603096019 0.72176682949066173 0.56696429848670971 0.57518798112869274 0.92857143282890331 0.6195238232612611 0.96922349929809581 0.88396573066711437 0.61167800426483165 1.0000000180025095e-35 0.93750000000000011 0.3706690520048142 0.78192934393882763 7.5000000000000009 0.75255101919174205 0.24316334724426272 0.62307980656623851 0.88067796826362621 0.46428571641445165 0.3473824411630631 4.5000000000000009 1.5000000000000002 31.500000000000004
decision_type=2 2 2 2 2 2 2 2 2 2 2 2 2 2 2 2 2 2 2 2 2 2 2 2 2 2 2 2 2 2
left_child=1 9 3 19 5 6 -5 12 -7 27 -11 15 -6 14 -12 17 -9 22 -19 -2 23 24 -3 -4 -22 -25 -27 -1 -26 -29
right_child=2 11 20 4 7 8 -8 16 -10 10 13 -13 -14 -15 -16 -17 -18 18 -20 -21 21 -23 -24 25 28 26 -28 29 -30 -31
leaf_value=-0.054470704496747603 0.10436065649117628 -0.030375273127631788 0.062422090188670093 -0.028095260275384809 0.011740553600342081 0.053671997914788508 0.011390181642945207 0.062015007075747357 0.014885814429498432 0.14156245509509333 -0.012027985563726551 0.063447352589096992 -0.025674900646112959 0.059188420769585942 0.029322832669699997 0.032087357448177034 -0.0017379150995717762 0.079215094985191137 -0.034077416708326785 0.057613748438205117 0.06412839055282181 -0.054156519209241277 -0.050446699456603711 0.057099361899519918 0.051894037618891733 0.056019668183359822 0.052055356111422896 -0.051025994293690272 0.053185689119741725 -0.050504311543044092
leaf_weight=0.28648783266544287 2.1251419484615317 1.9794237297028328 1.2730891257524515 17.756715731695294 9.152811620384453 10.71212287340313 26.37999626621604 3.2009861385449758 38.539254329167306 0.76526285894215362 18.212181247770793 1.1112259216606606 38.806987955234945 2.9427264537662259 7.7263654712587586 1.2467359667643894 3.376744233071804 0.76639550738036444 7.2620073221623898 2.2125006727874279 1.1091737598180764 0.99162751995027054 29.773214119952172 1.5796202700585116 1.1351184006780388 0.88870774954557319 9.5694286078214628 1.9359183702617886 1.1006834134459493 1.5829415014013646
leaf_count=7 19 112 14 287 167 142 317 43 510 38 479 16 606 33 69 20 47 5 191 23 9 9 2667 20 37 12 293 126 27 164
internal_value=-0.00035433 -0.020408 0.00856727 0.00396162 0.00171679 0.010175 -0.00449527 -0.0127667 0.0233218 0.00286017 0.00978229 -0.0388794 -0.0185344 0.00629053 0.000289263 -0.0416509 0.0292868 -0.0439618 -0.0232625 0.0805165 0.0483051 0.0311011 -0.0491955 0.0539101 0.0563759 0.0530099 0.0523922 -0.0510683 0.0525299 -0.0507913
internal_weight=245.502 75.5909 169.911 152.263 147.926 93.3881 44.1367 54.5375 49.2514 33.4519 29.6465 42.139 47.9598 28.8813 25.9385 41.0278 6.57773 39.781 8.0284 4.33764 17.6474 4.3366 31.7526 13.3108 3.34498 12.0378 10.4581 3.80535 2.2358 3.51886
internal_count=6509 3927 2582 2161 2119 1256 604 863 652 916 619 3011 773 581 548 2995 90 2975 196 42 421 82 2779 339 73 325 305 297 64 290
is_linear=0
shrinkage=0.05


Tree=69
num_leaves=31
num_cat=0
split_feature=18 6 3 17 39 4 22 20 3 17 9 10 22 8 10 36 18 10 14 9 10 15 6 2 8 8 15 20 8 17
split_gain=16.8558 14.4156 9.47646 4.53568 5.1411 5.08547 4.36721 3.88928 4.994 4.76042 4.52735 8.68796 4.44994 4.24397 3.41791 3.09636 3.07591 3.02924 3.00806 2.94602 2.25816 4.19732 2.17789 2.15223 10.2224 3.55008 4.61407 2.114 1.97534 1.87767
threshold=0.73030304908752453 0.29285715520381933 0.89512962102890026 0.23431372642517093 0.78113865852355968 0.95040982961654674 23.500000000000004 0.81666666269302379 0.67041200399398815 0.55902779102325451 3.5000000000000004 0.90121948719024669 3.5000000000000004 0.56374144554138195 0.73105624318122875 1.0000000180025095e-35 0.88562092185020458 0.82182541489601146 0.83169671893119823 4.5000000000000009 0.92637759447097789 0.50133690237998974 0.13392857462167743 0.18321678787469867 0.17192118614912036 0.11852502077817918 0.74020862579345714 0.46428571641445165 0.75716626644134533 0.58957219123840343
decision_type=2 2 2 2 2 2 2 2 2 2 2 2 2 2 2 2 2 2 2 2 2 2 2 2 2 2 2 2 2 2
left_child=1 23 7 6 18 -6 20 9 15 12 11 -11 -2 -14 -7 16 -9 -12 19 -5 -3 -22 -17 24 25 -1 -27 29 -25 -4
right_child=2 3 27 4 5 14 -8 8 -10 10 17 -13 13 -15 -16 22 -18 -19 -20 -21 21 -23 -24 28 -26 26 -28 -29 -30 -31
leaf_value=-0.051491427933350646 0.087859620732317303 -0.053619219439302639 0.062529528148024469 0.027328851402133203 -0.042115875255685435 -0.044649175143806556 0.01332185172948803 -0.066347213362973195 0.048796989254577025 0.063757746145200314 -0.01338151405617353 -0.0072156057438887925 -0.019079243714306995 0.034964317677016639 0.0248423769591033 0.012802554154522304 0.00060508424649007529 -0.056771006259135386 0.067274019916396921 -0.0073804274685460736 -0.053509232957726562 0.033888088840990281 0.063757169940938482 -0.047440518990227054 0.17943103948779607 -0.052185161863136334 0.12461635526107072 0.05208761338131658 0.015290191797509232 0.010356332047548435
leaf_weight=5.3764903731644145 2.2476828894577947 8.2255536848679203 2.2225319277495146 16.823486099019654 8.4541959781199694 2.251366589218379 6.2747227740474036 2.0860287025570861 10.138395527377723 5.5749528184533146 30.567198735196143 19.031903289724141 6.2366823749616733 8.7002882184460741 8.266158835962413 8.4796759523451311 9.6569685041904449 4.6321663870476177 3.0350372940301886 9.603022672235964 2.9108262257650486 2.6016261051408947 2.7860523499548444 30.551838377024982 0.61965577490627755 0.73943450674414613 0.73665773496031761 14.300062082707882 1.3086930252611626 7.6959487199783325
leaf_count=372 34 405 29 163 59 19 72 39 262 59 481 170 290 62 89 80 89 47 21 147 111 49 41 2714 10 36 20 462 10 67
internal_value=-0.00034834 -0.0150775 0.0114672 -0.00121561 0.00705806 -0.0132422 -0.0212389 0.00524031 0.01956 -0.000924777 -0.00758932 0.00886418 0.0222692 0.0123993 0.00996711 0.00667718 -0.0112883 -0.0190915 0.0201304 0.014716 -0.0370243 -0.0122617 0.0254038 -0.0391996 -0.0150484 -0.0326346 0.0360493 0.0397849 -0.0448638 0.0220473
internal_weight=242.135 107.779 134.357 68.446 48.4333 18.9717 20.0127 110.138 33.1471 76.9909 59.8062 24.6069 17.1847 14.937 10.5175 23.0087 11.743 35.1994 29.4615 26.4265 13.738 5.51245 11.2657 39.3328 7.47224 6.85258 1.47609 24.2185 31.8605 9.91848
internal_count=6509 4297 2212 1135 498 167 637 1654 511 1143 757 229 386 352 108 249 128 528 331 310 565 160 121 3162 438 428 56 558 2724 96
is_linear=0
shrinkage=0.05


Tree=70
num_leaves=31
num_cat=0
split_feature=33 20 8 5 4 4 23 9 23 17 33 10 20 7 17 5 26 14 39 18 9 24 11 22 4 8 5 15 20 5
split_gain=15.672 9.71866 9.47467 6.29512 6.87055 4.85937 4.93182 4.67237 3.99475 5.01637 3.84534 3.92729 3.80179 3.64782 3.15817 2.36449 2.69703 1.88931 1.19851 1.15788 1.00865 0.7054 0.527932 0.504309 0.380809 4.47395 0.165449 0.630498 0.0063825 0.00383369
threshold=26.500000000000004 0.46428571641445165 0.89022758603096019 0.2124435901641846 0.59317129850387584 0.24316334724426272 0.88107022643089306 1.0000000180025095e-35 0.53490260243415844 0.17752101272344592 2.5000000000000004 0.43826219439506536 0.77500000596046459 0.92857143282890331 0.39009661972522741 0.59175083041191112 1.0000000180025095e-35 0.56615138053894054 0.71240410208702099 0.85164836049079906 3.5000000000000004 1.5000000000000002 1.0000000180025095e-35 27.500000000000004 0.12183055281639101 0.11852502077817918 0.4555336087942124 0.55122438073158275 0.81666666269302379 0.87339743971824657
decision_type=2 2 2 2 2 2 2 2 2 2 2 2 2 2 2 2 2 2 2 2 2 2 2 2 2 2 2 2 2 2
left_child=1 3 7 5 -5 6 17 21 20 -10 12 -12 -9 18 -8 19 -17 -1 -7 24 -6 22 -3 29 25 -2 -26 -28 -4 -18
right_child=15 2 28 4 8 13 14 10 9 -11 11 -13 -14 -15 -16 16 23 -19 -20 -21 -22 -23 -24 -25 26 -27 27 -29 -30 -31
leaf_value=0.003613109359239015 -0.050543069194839987 0.053614810625537718 0.05360976342549556 0.08257726470443856 0.01916524889314802 -0.050958595054223635 -0.051740135143980397 0.0050466840191680726 -0.052536695709390402 -0.00090807541254676091 0.038012015714262617 -0.0064637681088381875 0.053729364172226415 0.063200308772007205 0.046630005035932544 0.057862359515856943 -0.050678436213170336 -0.056731663997557462 0.031893395697410926 0.0031299761931119748 0.058091448815953975 0.081048817197275358 0.0088723029162053411 -0.0047049739188189665 -0.050694344595807572 0.19894210360725101 -0.055161077164928962 0.014493379754095179 0.051449145233828555 -0.056134502319743568
leaf_weight=2.0428219321183878 1.875390999019156 2.511317801661789 5.0327602643519613 2.5244362466037265 3.8374342322349539 15.099937296006827 0.97475852444767941 9.031763883307578 4.98024858534336 85.092323905788362 5.6017470685765138 43.561718915123492 7.2131283236667505 0.76604727469384748 5.0072130355983973 1.2858440559357398 0.63554492779076122 3.5530244368128479 0.44948419183492738 1.224947073496877 2.9384950138628483 1.7336521130055187 0.89398841466754664 0.90279921889305104 16.626664154231552 0.19874019641429175 1.0411696061491955 0.47223686240613449 10.653165943920612 0.65250551234930754
leaf_count=70 193 71 109 35 30 1282 51 58 211 794 75 563 186 10 98 14 53 141 3 36 21 15 14 8 1881 9 48 13 400 17
internal_value=-0.000344542 0.00403476 0.0169944 -0.00474647 0.0011451 -0.0257358 -0.000961824 0.00917943 -0.000977498 -0.0037627 0.00557265 -0.00139614 0.026663 -0.043316 0.0306007 -0.03787 0.000379047 -0.0347022 -0.0485636 -0.0440727 0.0360462 0.0550863 0.0418686 -0.0333588 -0.0469331 -0.0266378 -0.0492537 -0.0334264 0.0521424 -0.0534424
internal_weight=238.415 213.499 86.2332 127.266 99.3729 27.8933 11.5778 70.5473 96.8485 90.0726 65.4084 49.1635 16.2449 16.3155 5.98197 24.9158 3.47669 5.59585 15.5494 21.4391 6.77593 5.13896 3.40531 2.19085 20.2142 2.07413 18.1401 1.51341 15.6859 1.28805
internal_count=6509 4237 1491 2746 1091 1655 360 982 1056 1005 882 638 244 1295 149 2272 92 211 1285 2180 51 100 85 78 2144 202 1942 61 509 70
is_linear=0
shrinkage=0.05


Tree=71
num_leaves=31
num_cat=0
split_feature=33 20 6 16 6 9 24 37 24 33 14 17 9 17 36 10 24 38 17 39 4 15 10 18 14 14 10 24 11 4
split_gain=14.7204 8.92002 8.98118 5.59614 4.53178 4.42004 4.28598 4.08317 3.68454 4.9565 3.1204 2.88513 5.17118 3.04907 2.75771 4.63719 2.45992 5.5423 5.53517 2.4048 2.07334 2.80733 1.61182 1.11405 0.846286 0.832239 2.28739 0.626659 0.37326 0.363078
threshold=26.500000000000004 0.46428571641445165 0.81666666269302379 0.58561220765113842 0.29285715520381933 1.0000000180025095e-35 1.0000000180025095e-35 0.40325902402400976 4.5000000000000009 2.5000000000000004 0.92907443642616283 0.55902779102325451 4.5000000000000009 0.44222222268581396 1.0000000180025095e-35 0.96824595332145702 1.0000000180025095e-35 0.18321678787469867 0.63961037993431102 0.83724972605705272 0.92940199375152599 0.50133690237998974 0.89237451553344738 0.85164836049079906 1.0000000180025095e-35 0.88989898562431347 0.79008570313453685 1.5000000000000002 1.0000000180025095e-35 0.12183055281639101
decision_type=2 2 2 2 2 2 2 2 2 2 2 2 2 2 2 2 2 2 2 2 2 2 2 2 2 2 2 2 2 2
left_child=1 3 5 4 16 27 7 -5 9 -6 -9 13 -13 -8 19 -16 17 -1 -18 -7 23 24 -10 29 -22 -4 -27 28 -3 -2
right_child=20 2 25 6 8 14 11 10 22 -11 -12 12 -14 -15 15 -17 18 -19 -20 -21 21 -23 -24 -25 -26 26 -28 -29 -30 -31
leaf_value=0.10764758622752829 -0.026104785848081305 0.052946676775049856 0.054932629548873214 -0.050673704319032044 -0.044629047782216942 -0.011338852471320708 -0.010589894915332021 0.015911190237406898 0.0600885138496004 -0.0027555087702071878 -0.022522640794285436 0.035860793297754587 -0.020737829475784581 0.068250504316095931 0.019339413753497882 -0.062016100411350708 -0.049547797460496333 -0.026216880928501468 0.11270244166127226 0.035925447625845007 0.0075262885085165257 0.077938784452718263 0.0092172934494717754 0.0029707056701719853 -0.053428518078973725 -0.010767992933991541 0.052242653212609937 0.075466908396863125 0.015071731026689876 -0.04848125729139291
leaf_weight=0.91234444361180322 2.0222454904578724 1.7343244515359395 11.926325192674996 4.190301121678206 8.6509423647075874 27.126540919765834 1.5808753687888408 15.587951719760897 2.6185121322050682 38.597855759318918 7.9870118368417016 9.7353810053318757 6.8931707129813722 5.4681730880402029 29.577491646632556 1.8617988415062416 14.553249482065436 5.0702807977795601 0.54535242728889066 2.9876438900828353 0.97212636470794667 0.84862425364553917 3.841292911209166 1.2260603792965401 1.3746370002627371 2.0733129475265732 4.717400074005127 1.9975027432665227 1.040924848988652 17.505860871169716
leaf_count=28 202 47 336 199 70 389 14 118 25 560 59 87 104 75 383 14 989 380 6 69 9 17 32 36 68 36 180 20 17 1940
internal_value=-0.000338441 0.00387281 0.0163896 -0.0045598 -0.0132909 0.007758 0.00813387 -0.00519368 -0.00557995 -0.0104223 0.00289011 0.0237623 0.0123985 0.0505691 0.00416383 0.0145216 -0.0329361 -0.00580268 -0.0436874 -0.00664974 -0.0374889 3.8895e-06 0.0298382 -0.0432614 -0.0281785 0.0469769 0.0330045 0.0541115 0.0387408 -0.046164
internal_weight=235.226 211.276 85.0433 126.233 74.7898 66.3262 51.4429 27.7653 53.7086 47.2488 23.575 23.6776 16.6286 7.04905 61.5535 31.4393 21.0812 5.98263 15.0986 30.1142 23.9496 3.19539 6.45981 20.7542 2.34676 18.717 6.79071 4.77275 2.77525 19.5281
internal_count=6509 4237 1491 2746 2090 939 656 376 687 630 177 280 191 89 855 397 1403 408 995 458 2272 94 57 2178 77 552 216 84 64 2142
is_linear=0
shrinkage=0.05


Tree=72
num_leaves=31
num_cat=0
split_feature=35 4 16 17 10 6 15 16 23 36 16 14 5 9 3 23 3 4 17 8 14 3 23 23 38 15 37 9 3 23
split_gain=13.7952 7.8059 5.23575 5.19994 4.30744 5.48776 5.18074 4.39035 3.77947 3.77087 5.37873 6.0769 4.99958 5.79724 3.58269 3.55528 2.72007 2.164 2.0273 5.53025 1.8249 1.47483 1.21918 2.46421 2.06485 1.29945 0.917509 0.428255 2.89284 0.386023
threshold=3.3140207529067998 0.91024166345596325 0.35585071146488195 0.78759399056434642 0.97722566127777111 0.57738095521926891 0.81023570895195018 0.18624359369277957 0.90818965435028087 1.0000000180025095e-35 0.63944444060325634 0.4084611982107163 0.57735043764114391 3.5000000000000004 0.82009246945381176 0.99606299400329601 0.89512962102890026 0.94804319739341747 0.41421568393707281 0.13484849035739901 1.0000000180025095e-35 0.93582704663276683 0.72776681184768688 0.71892556548118602 0.41486424207687383 0.83047896623611461 0.67669683694839489 5.5000000000000009 0.87585616111755382 0.50895428657531749
decision_type=2 2 2 2 2 2 2 2 2 2 2 2 2 2 2 2 2 2 2 2 2 2 2 2 2 2 2 2 2 2
left_child=1 2 14 4 5 6 -3 29 -7 10 11 -4 13 -11 18 -12 22 -9 20 -20 -1 -18 23 24 -2 -26 -14 -5 -29 -6
right_child=16 3 9 27 7 8 -8 17 -10 12 15 -13 26 -15 -16 -17 21 -19 19 -21 -22 -23 -24 -25 25 -27 -28 28 -30 -31
leaf_value=0.084732044931494568 -0.053340843578212921 -0.028790233397721982 0.16177478461650063 0.05420302008211924 -0.0073970493478867673 0.0098611558870907619 0.076613504132786225 0.010420794996531611 -0.017713331721885245 0.036342134608354289 0.014129894202871435 -0.030203693011506966 -0.015837805186771352 -0.0017283885118884797 0.024815589947514951 -0.020550237351359718 0.065530817846416275 0.054252299839819287 0.18086623382049993 -0.027911929165281985 -0.045624591982742581 -0.019293346707058956 -0.050626867647931367 0.11608125162219432 -0.026080789940760359 0.049139563041705581 -0.06219042113784954 0.056724539814055633 -0.050809089655384776 -0.047861038489826951
leaf_weight=0.27354426868260517 3.9588134293444517 1.5773961609229434 0.41974625177681701 7.3982363399118167 1.0487573817372351 30.866630210541189 4.4676281716674566 3.8018324542790625 20.801059043034911 19.362309865653515 25.468657760415226 22.954350339714438 2.0338794682174912 20.679509007837623 2.7699907198548308 10.411083982326089 0.90296688489615862 10.859101235866547 0.38291463628411238 1.8478433787822721 14.503184158820657 1.1848517628386614 14.365869673434643 0.29696876881644119 1.3538752710446718 0.99693214800208796 2.2470737379044294 2.8731625471264128 0.79944768920540799 1.3456969270482657
leaf_count=2 347 33 4 260 10 335 41 38 178 194 296 783 18 403 25 147 18 293 6 104 908 29 1743 24 90 21 26 80 9 44
internal_value=-0.000331018 0.00371486 -0.00434214 0.0152931 0.0105577 0.00403363 0.0491093 0.032634 -0.00124014 0.00015915 -0.00809201 -0.0267562 0.0111899 0.0166807 -0.0279159 0.0040669 -0.0370335 0.042886 -0.0365042 0.00792531 -0.0432115 0.0173925 -0.0424516 -0.0246746 -0.0312995 0.00581871 -0.0401683 0.0472743 0.0333168 -0.030138
internal_weight=232.253 209.193 123.354 85.8389 74.7681 57.7127 6.04502 17.0554 51.6677 103.577 59.2538 23.3741 44.3228 40.0418 19.7775 35.8797 23.0603 14.6609 17.0075 2.23076 14.7767 2.08782 20.9725 6.60659 6.30962 2.35081 4.28095 11.0708 3.67261 2.39445
internal_count=6509 4237 2916 1321 972 587 74 385 513 1871 1230 787 641 597 1045 443 2272 331 1020 110 910 47 2225 482 458 111 44 349 89 54
is_linear=0
shrinkage=0.05


Tree=73
num_leaves=31
num_cat=0
split_feature=33 18 3 5 22 2 17 24 2 36 11 3 10 34 18 8 36 2 19 3 8 22 17 18 2 3 5 2 2 2
split_gain=12.9551 6.84846 7.46769 7.19142 4.14685 6.20984 3.6334 5.42913 3.52612 7.36014 5.50527 3.82859 4.45478 3.3934 3.068 6.42366 3.32688 2.69272 2.64696 2.59982 2.39904 2.18064 3.29181 1.4706 2.33892 1.33899 0.866412 2.1136 0.403378 3.92023
threshold=26.500000000000004 0.73030304908752453 0.89512962102890026 0.27475491166114813 3.5000000000000004 0.18321678787469867 0.55902779102325451 1.5000000000000002 0.71209660172462474 1.0000000180025095e-35 1.0000000180025095e-35 0.84273937344551098 0.76568627357482921 0.13392857462167743 0.94590643048286449 0.47165775299072271 1.0000000180025095e-35 0.62715834379196178 0.82413583993911754 0.89512962102890026 0.56374144554138195 1.0000000180025095e-35 0.74342104792594921 0.82843136787414562 0.56949809193611156 0.93582704663276683 0.83527129888534557 0.96490147709846508 0.12834591418504718 0.11852502077817918
decision_type=2 2 2 2 2 2 2 2 2 2 2 2 2 2 2 2 2 2 2 2 2 2 2 2 2 2 2 2 2 2
left_child=1 3 6 4 5 -1 7 -3 9 17 -11 13 -13 -10 16 -16 -8 -5 -7 23 -9 22 -4 28 -25 -21 -23 -28 29 -2
right_child=19 2 21 8 -6 18 14 20 11 10 -12 12 -14 -15 15 -17 -18 -19 -20 25 -22 26 -24 24 -26 -27 27 -29 -30 -31
leaf_value=0.082827041957657568 -0.050477580895831722 0.12147183808910873 -0.050532884817579053 0.020549163798417581 -0.05144510497105767 -0.046456927764919824 -0.014139080722628816 -0.010487016731948925 0.022036946528124726 0.087104830848975079 0.0042388052853770631 0.05541100045886023 -0.0020164288305920841 -0.035030739089745251 -0.0057155187868206912 0.047597360676762103 0.0087578814352441414 -0.05805852330176095 0.034078123479017806 0.06261756643453438 0.032601538838954523 0.054254504598639411 0.051210081453667115 -0.051729048714676873 0.068525514941910365 -0.018427563931075468 -0.0020052272142569382 0.051360470690852783 -0.048650866905397216 0.17468780498820324
leaf_weight=1.6049253167584563 1.6549847824499107 1.3971970053389657 1.6122755873948362 1.8052306580357225 12.467113993130623 4.5109223276376724 36.570151259656996 4.8367938878945997 3.2015172280371216 4.7774058375507593 3.4529774272814393 3.8361089946702114 28.214553291909397 13.978802904486654 13.245669618248941 9.8531074933707696 28.019191504921764 2.7475554775446653 1.3184897694736717 0.89786878880113308 9.7264799661934358 10.121972965076568 1.5683262292295694 0.88208557851612457 0.7465709000825882 1.1786569161340592 2.8863637559115869 5.1945722941309214 16.592674441635609 0.21887213271111239
leaf_count=37 193 21 14 52 1002 386 511 179 64 39 58 29 328 143 133 202 320 66 38 18 73 210 71 61 4 29 46 215 1959 8
internal_value=-0.000323012 0.0035686 0.0109308 -0.00766875 -0.0338203 -0.00426409 0.0053806 0.0273234 0.000723745 0.0241215 0.0523392 -0.00535163 0.004857 -0.0243963 0.00138669 0.0170258 -0.00420626 -0.0268897 -0.0282416 -0.0366467 0.0182909 0.0378334 -0.000364341 -0.0421506 0.00339526 0.0166155 0.0445077 0.0322992 -0.0461675 -0.0241776
internal_weight=229.119 206.948 125.032 81.9156 19.9015 7.43434 103.649 15.9605 62.0142 12.7832 8.23038 49.231 32.0507 17.1803 87.6881 23.0988 64.5893 4.55279 5.82941 22.1717 14.5633 21.3835 3.1806 20.0952 1.62866 2.07653 18.2029 8.08094 18.4665 1.87386
internal_count=6509 4237 1995 2242 1463 461 1439 273 779 215 97 564 357 207 1166 335 831 118 424 2272 252 556 85 2225 65 47 471 261 2160 201
is_linear=0
shrinkage=0.05


Tree=74
num_leaves=31
num_cat=0
split_feature=33 20 3 5 2 23 3 14 7 14 23 9 33 20 9 3 5 14 18 2 3 37 23 2 2 20 2 14 23 20
split_gain=12.1607 7.50482 9.3019 5.01416 4.61423 4.17317 3.42249 4.71962 3.39313 3.36982 3.47921 3.33048 3.33197 3.71916 2.7168 2.48653 2.46072 1.83254 1.38992 2.19964 1.21318 1.05316 0.746325 0.401076 3.25323 0.349588 1.30826 0.181198 0.0331695 0.00559941
threshold=26.500000000000004 0.46428571641445165 0.89022758603096019 0.2124435901641846 0.24316334724426272 0.88107022643089306 0.51668518781661998 0.74460318684577953 0.92857143282890331 0.97688889503479015 0.53490260243415844 1.0000000180025095e-35 2.5000000000000004 0.77500000596046459 19.500000000000004 0.89512962102890026 0.59729731082916271 0.56615138053894054 0.82843136787414562 0.56949809193611156 0.93582704663276683 0.52678793668746959 0.84248119592666637 0.12834591418504718 0.11852502077817918 0.46428571641445165 0.68801230192184459 0.64022472500801098 0.31845378875732427 0.81666666269302379
decision_type=2 2 2 2 2 2 2 2 2 2 2 2 2 2 2 2 2 2 2 2 2 2 2 2 2 2 2 2 2 2
left_child=1 3 11 4 5 17 7 27 21 10 -8 22 13 -13 -7 18 -14 -1 23 -20 -17 -6 -3 24 -2 28 -27 -5 -25 -4
right_child=15 2 29 6 8 14 9 -9 -10 -11 -12 12 16 -15 -16 20 -18 -19 19 -21 -22 -23 -24 25 -26 26 -28 -29 -30 -31
leaf_value=0.0059717937856026467 -0.050454146491127186 0.073930180747716678 0.053311388122802422 -0.051255252026510704 -0.050905163764052533 0.042541260651218132 0.032433646369537772 0.093212161636527111 0.059112584282635008 0.060052246638560791 -0.0051353905289659788 0.0036185055256955923 0.0025557407881513861 0.053077550128689123 -0.052578267393887157 0.059711540642983757 -0.031363988395365673 -0.05638518431852764 -0.051648584319637141 0.067328079693793993 -0.017593313951006922 0.027892697986249201 0.029287610314918135 -0.061569325063688757 0.14233287469326858 -0.051010804634205986 0.046258809330334993 -0.0083631952640712322 -0.050597333937171932 0.051198262165521695
leaf_weight=1.8749042078852669 1.5749829714186585 2.0099373450502749 4.6617326866835329 0.66764370957389407 13.291065071709449 5.0978267542086542 6.6420499645173541 2.186809167265892 0.77545194420963603 2.2102353647351256 85.362601127009839 8.8341744635254127 42.257838473189622 6.6713408390060058 0.88031650660559524 0.89458075165748541 6.1213619876652947 3.170764887239784 0.840339995920657 0.72246754169464111 1.1729697054252026 0.4380114823579796 1.7524888403713701 0.72677364572882375 0.25413517374545325 1.4968075836077339 0.44949615001678456 0.39009788073599339 13.191809422802178 9.5720178969204426
leaf_count=71 193 19 119 39 1265 128 51 13 10 13 963 57 582 187 32 18 58 146 61 4 29 3 38 7 8 170 4 12 1778 431
internal_value=-0.000317661 0.00342267 0.0151512 -0.00438574 -0.0241117 0.00027167 0.000781245 0.051272 -0.0426438 -0.000957543 -0.00242319 0.0074208 0.00472843 0.0248986 0.0285344 -0.036252 -0.00173608 -0.0332142 -0.0418465 0.00335293 0.0158547 -0.0483912 0.0531363 -0.0458387 -0.0236686 -0.0483948 -0.0285465 -0.0354365 -0.0511702 0.0518903
internal_weight=226.193 204.869 81.8809 122.988 25.5283 11.0238 97.4594 3.24455 14.5045 94.2149 92.0047 67.6471 63.8847 15.5055 5.97814 21.3244 48.3792 5.04567 19.2568 1.56281 2.06755 13.7291 3.76243 17.694 1.82912 15.8649 1.9463 1.05774 13.9186 14.2338
internal_count=6509 4237 1491 2746 1655 377 1091 64 1278 1027 1014 941 884 244 160 2272 640 217 2225 65 47 1268 57 2160 201 1959 174 51 1785 550
is_linear=0
shrinkage=0.05


Tree=75
num_leaves=31
num_cat=0
split_feature=33 20 2 8 4 2 23 9 23 17 33 20 10 4 17 8 26 15 14 2 23 23 18 8 9 22 23 4 34 34
split_gain=11.4414 6.87357 8.40924 4.65395 5.00979 4.50592 3.80455 3.78213 3.12224 4.64358 3.09662 3.55563 3.51881 2.88976 2.48426 2.06251 2.25076 1.85674 1.77352 1.49793 1.11348 2.75078 1.38939 1.74154 1.01928 0.617654 0.597879 0.640199 0.374639 0.229424
threshold=26.500000000000004 0.46428571641445165 0.89022758603096019 0.50316455960273754 0.56070175766944896 0.24316334724426272 0.88107022643089306 1.0000000180025095e-35 0.53490260243415844 0.17752101272344592 2.5000000000000004 0.77500000596046459 0.43826219439506536 0.91024166345596325 0.39009661972522741 0.81872946023941051 1.0000000180025095e-35 0.8841681480407716 0.56615138053894054 0.63859337568283092 0.72776681184768688 0.72264957427978527 0.71008405089378368 0.56635218858718883 3.5000000000000004 27.500000000000004 0.84248119592666637 0.73765182495117199 0.41666667163372045 0.03637566231191159
decision_type=2 2 2 2 2 2 2 2 2 2 2 2 2 2 2 2 2 2 2 2 2 2 2 2 2 2 2 2 2 2
left_child=1 3 7 5 17 6 18 26 24 -10 11 -9 -12 28 -8 20 -17 19 -1 -5 21 22 29 -24 -6 -18 -3 -28 -7 -2
right_child=15 2 -4 4 8 13 14 10 9 -11 12 -13 -14 -15 -16 16 25 -19 -20 -21 -22 -23 23 -25 -26 -27 27 -29 -30 -31
leaf_value=0.0056540914761146815 -0.051765215000249248 0.070968062609049032 0.051773653862917934 -0.050917387673736318 0.015337493874413941 -0.050938076097679336 -0.051570418168744803 0.0036098312934027205 -0.052418765526594191 -0.00095401929401154109 0.0358156866557654 0.052561829111440778 -0.0065837704656583791 0.037379625283272842 0.039891146453611415 0.065478065577328368 -0.05343300025079744 0.10295813542304684 -0.056163893003291471 0.070750551323484401 -0.050553303001387162 0.1335858186231372 -0.051321748222935143 0.052491073990429127 0.055386539529802575 0.007327901004909868 -0.0035253295780690481 0.052232553679330641 0.00067169074983347164 0.005538108481061392
leaf_weight=1.8810792230069653 3.409778491593904 2.1410371195524922 12.797010745853184 0.45601022150367432 3.7693062089383593 12.226836429443207 0.86669317772611965 8.8581274952739459 4.6250833608210078 83.744465196505189 5.524844122119247 6.3821264831349245 42.819366009905934 1.037069004960357 5.178604634013027 0.97427524626254958 1.055598624050617 1.5847249752841888 3.0277100587263703 0.56817547976970673 12.244425003882496 0.2653508586809038 0.7225542473606763 0.91631358861923218 2.7462411439046264 0.69272220879793178 0.75410838425159488 1.6222859546542165 0.36204516328871328 0.1841007969342171
leaf_count=71 372 30 510 43 30 1213 53 58 212 812 75 186 562 13 107 11 58 12 146 3 1722 15 70 6 20 7 10 60 11 11
internal_value=-0.000309696 0.00328299 0.0145857 -0.00420735 0.000694624 -0.0236505 0.00022572 0.00759771 -0.00118479 -0.00364758 0.004457 0.0241093 -0.0017383 -0.0428449 0.0267786 -0.0359419 0.00457874 0.0690481 -0.0324748 0.0165789 -0.0421598 -0.0234673 -0.0314314 0.00672143 0.0322178 -0.0293582 0.0518044 0.0345387 -0.0494538 -0.0488298
internal_weight=223.438 202.973 80.8989 122.074 97.494 24.58 10.9541 68.1019 94.8851 88.3695 63.5845 15.2403 48.3442 13.626 6.0453 20.4651 2.7226 2.60891 4.90879 1.02419 17.7425 5.4981 5.23275 1.63887 6.51555 1.74832 4.51743 2.37639 12.5889 3.59388
internal_count=6509 4237 1491 2746 1132 1614 377 981 1074 1024 881 244 637 1237 160 2272 76 58 217 46 2196 474 459 76 50 65 100 70 1224 383
is_linear=0
shrinkage=0.05


Tree=76
num_leaves=31
num_cat=0
split_feature=15 4 3 6 3 22 34 14 2 24 33 24 6 10 8 16 18 10 26 18 3 16 14 15 4 8 2 39 21 33
split_gain=10.8424 8.20744 6.002 4.79339 6.85137 3.82897 4.43571 3.60971 3.5946 6.20914 4.99859 3.56168 3.54257 4.0753 3.72872 3.02128 3.31848 2.64098 2.53354 2.39592 2.19911 1.47907 2.86591 1.36071 0.93965 0.934456 2.70225 1.19337 0.710986 0.633307
threshold=0.72531819343566906 0.91024166345596325 0.82009246945381176 0.64583334326744091 0.96362435817718517 11.500000000000002 0.037749288603663451 0.615800440311432 0.76631206274032604 1.0000000180025095e-35 1.5000000000000002 4.5000000000000009 0.64583334326744091 0.96824595332145702 0.48528139293193823 0.62192192673683178 0.81534090638160717 0.90661337971687328 1.0000000180025095e-35 0.97916665673255932 0.94494947791099559 0.36127844452857977 0.57214644551277172 0.59951692819595348 0.76026272773742687 0.65261757373809826 0.67136150598526012 0.52502939105033886 0.75000000000000011 1.5000000000000002
decision_type=2 2 2 2 2 2 2 2 2 2 2 2 2 2 2 2 2 2 2 2 2 2 2 2 2 2 2 2 2 2
left_child=2 5 21 20 8 6 -2 11 9 -5 -10 18 14 -14 -8 16 17 -7 -4 -17 28 25 -23 -20 -18 -1 -27 -28 -3 -30
right_child=1 3 7 4 -6 15 12 -9 10 -11 -12 -13 13 -15 -16 19 24 -19 23 -21 -22 22 -24 -25 -26 26 27 -29 29 -31
leaf_value=-0.051022230356147238 -0.050668933733488977 0.073270528646905905 0.048163389990422981 -0.020767663525345662 0.051863600358120709 -0.043283726568952158 -0.0044005287272382036 0.049141938735106742 0.035364376230535892 0.066221907263860971 -0.0094073200768813973 0.025328464290042055 0.0005082745002778959 -0.064877580449187136 0.018240113798414972 -0.07318164550031879 0.00531556440868532 0.0052751403028171717 -0.053665108400910967 -0.0015491919473278005 -0.0053148992026490786 0.10595250769317713 -0.037621766027318551 -0.0070614363370336657 0.046959827622665339 0.062395456640652026 -0.0087602109881564569 -0.056212366746242609 0.015147802477148701 0.056221577167188258
leaf_weight=14.833810542710131 3.9087769547477356 4.3097577951848489 0.90944918431341459 3.2446597386151534 9.3926165420562011 8.1900364346802288 34.067964425310493 2.9720546081662169 7.6815920732915393 5.5776098687201738 33.086047604680061 4.2522799465805283 6.4216084461659175 3.7892109453678131 39.007399709429592 4.0871248762123278 4.9285008041188112 4.2546790917403987 5.3969345986843109 1.6340234791859982 1.5833262056112278 0.49327727034687896 1.1767312795855103 2.2066696602851152 1.8679384514689443 0.72901399619877238 2.032049641944468 3.807740917429328 1.278138345107436 3.5315055483952165
leaf_count=1843 551 25 11 46 380 552 997 25 128 46 322 37 71 35 374 55 114 118 189 22 35 9 107 24 15 39 106 125 39 69
internal_value=-0.000303165 0.00481721 -0.0242945 0.0182935 0.0127074 -0.00355582 0.00138721 -0.000486163 0.00529099 0.0342288 -0.000971269 -0.0120407 0.0038303 -0.0237563 0.00768498 -0.0208222 -0.0113369 -0.0266821 -0.0307066 -0.0527226 0.0490782 -0.0405336 0.00478636 -0.0401401 0.0167611 -0.0440699 -0.0283699 -0.0397006 0.058522 0.0453064
internal_weight=220.653 181.843 38.81 69.6853 58.9825 112.157 87.195 15.7374 49.5899 8.82227 40.7676 12.7653 83.2862 10.2108 73.0754 24.9623 19.2412 12.4447 8.51305 5.72115 10.7027 23.0726 1.67001 7.6036 6.79644 21.4026 6.5688 5.83979 9.1194 4.80964
internal_count=6509 3994 2515 1090 922 2904 2028 286 542 92 450 261 1477 106 1371 876 799 670 224 77 168 2229 116 213 129 2113 270 231 133 108
is_linear=0
shrinkage=0.05


Tree=77
num_leaves=31
num_cat=0
split_feature=33 20 33 5 4 8 9 4 18 2 37 16 37 26 8 26 36 37 5 23 23 18 5 4 22 23 14 33 9 17
split_gain=10.1335 6.30151 6.1533 4.4635 6.11451 4.67298 4.80365 4.649 4.62839 4.13705 4.01708 2.8433 2.71576 2.46491 1.94978 1.98163 1.90492 3.0349 1.8108 1.09445 3.49459 1.28433 1.52608 1.02419 0.555929 0.515527 0.298102 0.213137 0.160503 0.255333
threshold=26.500000000000004 0.93750000000000011 2.5000000000000004 0.31072796881198889 0.24316334724426272 0.11189358308911325 3.5000000000000004 0.61861473321914684 0.97916665673255932 0.71209660172462474 0.35104569792747503 0.30798149108886724 0.64396551251411449 1.0000000180025095e-35 0.81872946023941051 1.0000000180025095e-35 1.0000000180025095e-35 0.57159194350242626 0.39791667461395269 0.72776681184768688 0.72524511814117443 0.71008405089378368 0.1965240687131882 0.99450549483299266 27.500000000000004 0.9689110815525056 0.9249277412891389 27.500000000000004 10.500000000000002 0.89181286096572887
decision_type=2 2 2 2 2 2 2 2 2 2 2 2 2 2 2 2 2 2 2 2 2 2 2 2 2 2 2 2 2 2
left_child=1 3 28 4 5 6 -1 -5 9 -9 23 -7 16 -12 19 -16 18 -18 -4 20 21 27 -23 -6 -17 -14 -10 -2 -3 -30
right_child=14 2 12 7 10 11 -8 8 26 -11 13 -13 25 -15 15 24 17 -19 -20 -21 -22 22 -24 -25 -26 -27 -28 -29 29 -31
leaf_value=0.013814344080828878 0.00493925840762479 0.052715063011008492 -0.019888772275499553 0.077014779869861882 -0.051006078566525004 -0.052053175084178741 -0.058047227042424113 0.020539355689545541 0.055676790732045678 -0.004811479031921034 -0.031115468776971772 0.043689498045623471 0.051814535225130388 0.017618872118847724 0.061381639057857484 -0.053141916200433827 0.02452871843171002 -0.046621321988444694 0.032751796306801591 -0.050504440592723299 0.17403513180891278 -0.051275868114435533 0.047577932744270759 0.012168723178834129 0.0057501863773330112 0.015005352038423462 0.029425414391311435 -0.051703795051145876 0.0054092659730310341 0.051145823391531876
leaf_weight=5.3938545477576572 0.17517712246627271 10.549345863983033 10.839923762250693 2.1152455136179915 14.012520967517048 0.86345298634841849 4.088014435954392 19.785922448150814 3.7187217585742465 86.232355643063784 5.3510911734774691 7.6080530555918813 3.657792715355753 5.0368245365098119 0.97273771651089114 0.96181815536692739 11.398794809821991 1.7256651055067784 1.9235906805843122 11.136892555281518 0.21631287969648827 0.67792599787935592 0.92057857289910316 0.67233740538358766 0.68691394478082657 1.2855169679969547 1.5248821079730985 3.1964057944715023 0.48585239984094986 0.82048758212476969
leaf_count=71 11 444 140 13 1414 38 185 222 76 810 97 136 139 110 11 58 146 30 35 1722 9 70 7 12 7 35 30 377 13 41
internal_value=-0.000297637 0.00302747 0.0200546 -0.00161974 -0.0153311 0.00694361 -0.0171681 0.00358368 0.00218765 -8.0317e-05 -0.031281 0.033931 0.00828281 -0.00748548 -0.0352411 0.00478558 0.00179826 0.0151736 -0.0119553 -0.0416693 -0.0226973 -0.0312596 0.00565402 -0.0481137 -0.0286056 0.0422422 0.0480427 -0.0487608 0.0506678 0.0341355
internal_weight=218.035 199.09 42.687 156.403 43.0261 17.9534 9.48187 113.377 111.262 106.018 25.0728 8.47151 30.8313 10.3879 18.9448 2.62147 25.888 13.1245 12.7635 16.3233 5.1864 4.97009 1.5985 14.6849 1.64873 4.94331 5.2436 3.37158 11.8557 1.30634
internal_count=6509 4237 1023 3214 2063 430 256 1151 1138 1032 1633 174 525 207 2272 76 351 176 175 2196 474 465 77 1426 65 174 106 388 498 54
is_linear=0
shrinkage=0.05


Tree=78
num_leaves=31
num_cat=0
split_feature=15 3 3 5 38 18 3 10 19 8 10 3 38 24 8 8 26 16 15 3 16 19 23 9 33 36 5 21 8 9
split_gain=9.57016 7.46158 5.64187 4.38112 10.2674 6.85227 7.16468 4.29343 3.78467 3.02064 3.18952 2.86816 2.81027 3.03328 2.56973 2.17219 2.10779 2.05842 1.84554 1.8216 1.39454 2.34196 0.980839 0.575597 0.574826 0.337962 0.321014 0.00148344 0.000781821 9.46823e-05
threshold=0.72531819343566906 0.97332859039306652 0.82009246945381176 0.16302800178527835 0.24316334724426272 0.94868421554565441 0.51668518781661998 0.3706690520048142 0.53873431682586681 0.095811817795038237 0.93142634630203258 0.20169491320848468 0.61320009827613842 4.5000000000000009 0.4403389841318131 0.29568913578987127 1.0000000180025095e-35 0.51676028966903698 0.59951692819595348 0.61167800426483165 0.36127844452857977 0.58027890324592601 0.46228787302970892 8.5000000000000018 2.5000000000000004 1.0000000180025095e-35 0.48331478238105779 1.0000000180025095e-35 0.82426470518112194 1.5000000000000002
decision_type=2 2 2 2 2 2 2 2 2 2 2 2 2 2 2 2 2 2 2 2 2 2 2 2 2 2 2 2 2 2
left_child=2 3 20 4 9 6 17 15 -8 10 -2 -11 13 16 -7 -6 -4 -5 -18 -9 22 -22 -1 -16 -24 -26 29 28 -3 -23
right_child=1 27 12 5 7 14 8 19 -10 11 -12 -13 -14 -15 23 -17 18 -19 -20 -21 21 26 24 -25 25 -27 -28 -29 -30 -31
leaf_value=-0.00018262005098540929 -0.032351337867885264 0.053810490602098283 0.043349126477943895 -0.00036675578495799451 -0.04565603977943878 -0.060333168760406598 0.024286378863176174 -0.04755192015806383 -0.0035803363507701568 0.032671467978629153 0.027578187901990205 -0.016233997633367903 0.045491880573588772 0.024391382736714009 0.054674332661248229 0.069543637712614112 -0.053398435625899604 0.06951110516668714 -0.00022294457953107432 0.050769131758855827 0.091932305274328635 -0.051782623688199615 0.026523620611845867 0.029801235495472728 -0.052065538859779631 -0.037535011057311718 0.016105066404432308 0.051004099210795212 0.05191326452610652 -0.050553847812029068
leaf_weight=1.2229473954066694 6.7106275493279117 0.75159320048987699 0.93151218630373289 1.3334430740214873 0.59346528071910398 0.5760643882676949 14.093880671542136 17.892987577244643 89.921300278045237 13.619307304266842 3.3178288601338863 3.8441976392641655 2.7490277495235196 4.2066446226090184 8.4700651289895159 1.3179030800238249 5.1032731435261667 5.0269240499474108 2.398637730628252 0.48382456135004659 0.52149775391444464 0.20599887007847406 0.26639646291733043 3.2064603194594374 12.601588163990529 5.8637705757282665 0.22596192359924316 5.3606465421617031 1.9566634744405746 0.65601008711382747
leaf_count=26 207 14 11 64 62 5 135 1464 886 226 38 159 24 37 234 25 189 43 25 6 13 10 4 74 1488 595 2 293 59 91
internal_value=-0.000291357 0.00450389 -0.0234515 0.00227927 -0.0105644 0.0072836 0.00334566 -0.0375453 0.000195556 0.00934666 -0.0125242 0.021906 -0.000324711 -0.0102891 0.042758 0.033775 -0.027588 0.0548613 -0.0363963 -0.0449633 -0.0399557 0.00481564 -0.0435668 0.047844 -0.0463992 -0.0474513 -0.036942 0.051486 0.0524398 -0.0508475
internal_weight=215.43 178.477 36.9533 170.408 47.7801 122.628 110.376 20.2882 104.015 27.492 10.0285 17.4635 15.3891 12.6401 12.2526 1.91137 8.43342 6.36037 7.50191 18.3768 21.5642 1.60947 19.9547 11.6765 18.7318 18.4654 1.08797 8.0689 2.70826 0.862009
internal_count=6509 3994 2515 3628 2187 1441 1128 1557 1021 630 245 385 286 262 313 87 225 107 214 1470 2229 116 2113 308 2087 2083 103 366 73 101
is_linear=0
shrinkage=0.05


Tree=79
num_leaves=31
num_cat=0
split_feature=33 9 6 9 10 20 4 17 16 17 4 16 23 38 4 5 23 24 18 18 3 3 20 20 5 18 2 3 4 3
split_gain=9.09698 5.77296 4.99178 5.66576 5.6475 4.85192 5.58785 5.57948 4.7003 4.08821 4.02583 3.79579 7.20765 3.2751 3.23119 6.25838 2.66934 2.81176 2.574 2.4173 2.17314 2.09345 1.42222 1.29241 1.28562 1.18662 1.78764 0.939522 0.450919 2.60151
threshold=26.500000000000004 4.5000000000000009 0.84523808956146251 5.5000000000000009 0.6195238232612611 0.46428571641445165 0.90595519542694103 0.73030304908752453 0.30798149108886724 0.77097901701927196 0.99450549483299266 0.65554317831993114 0.98830369114875805 0.72797745466232311 0.69309264421463024 0.42163743078708654 0.41037483513355261 1.5000000000000002 0.71008405089378368 0.79285714030265819 0.89512962102890026 0.82891985774040233 0.46428571641445165 0.46428571641445165 0.32683658599853521 0.82843136787414562 0.56949809193611156 0.93582704663276683 0.12183055281639101 0.11679454520344736
decision_type=2 2 2 2 2 2 2 2 2 2 2 2 2 2 2 2 2 2 2 2 2 2 2 2 2 2 2 2 2 2
left_child=1 5 4 -4 8 11 7 18 -3 -9 -10 14 19 -14 24 -16 -6 -18 -7 -13 25 22 -5 -23 -1 28 -27 -22 29 -2
right_child=20 2 3 21 16 6 -8 9 10 -11 -12 12 13 -15 15 -17 17 -19 -20 -21 27 23 -24 -25 -26 26 -28 -29 -30 -31
leaf_value=-0.03857971282472264 -0.0503626600761264 -0.051211069131962154 -0.047451147162012888 -0.01768064087763619 0.046324283608513733 -0.01165941977363962 0.049225804465770878 -0.080633580350501624 -5.0288141396885562e-06 -0.00091104235521058212 0.045333344528228507 0.0042444197215279313 0.01663512098891021 -0.066869474733416284 0.04730926631292072 -0.0074532880284132784 -0.018277264218993672 -0.04825549089888248 0.043882349183347387 0.046883760250299777 0.054191390855672816 0.091246603667278214 0.042200740259133118 0.03756997450257453 0.028564793597098889 -0.051456692649943438 0.064155929936387857 -0.016388789008462488 -0.04802295619574444 0.11654076050286249
leaf_weight=8.1040124269202316 1.2606242308393145 3.1890221508219865 2.1925185816362491 1.7344250176101903 1.3234012345783401 2.5677750105969634 14.079299710690973 1.8453850708901871 16.446905224118385 12.505762070417402 6.971743367612361 4.566463200375444 1.9502687142230559 2.9508020840585232 6.1060297987423828 35.839192039333284 31.137360105291009 10.445834020152686 11.117204884532837 12.215690098702906 0.86767518892884155 2.3934129560366273 2.3151428587734699 2.1100918278098106 0.78166630212217647 0.69388814410194644 0.64529718458652496 1.032646066509187 12.853602565824984 0.28654014412313689
leaf_count=455 193 284 23 12 13 58 594 16 597 149 90 39 27 20 68 350 708 392 135 107 18 14 38 36 12 61 4 29 1959 8
internal_value=-0.000285534 0.00282667 -0.00745763 0.0242578 -0.0123602 0.0100274 0.0235254 0.010619 0.00573731 -0.0111624 0.0134922 0.0021879 0.019703 -0.0336407 -0.0052836 0.00051858 -0.0235831 -0.0258079 0.0334608 0.0352815 -0.0346691 0.0426399 0.0165536 0.0660967 -0.0326731 -0.0407669 0.00425218 0.0158377 -0.0449534 -0.0194516
internal_weight=212.53 194.889 80.2599 10.7456 69.5143 114.63 42.1154 28.0361 26.6077 14.3511 23.4186 72.5141 21.6832 4.90107 50.8309 41.9452 42.9066 41.5832 13.685 16.7822 17.6403 8.55307 4.04957 4.5035 8.88568 15.74 1.33919 1.90032 14.4008 1.54716
internal_count=6509 4237 2207 123 2084 2030 952 358 971 165 687 1078 193 47 885 418 1113 1100 193 146 2272 100 50 50 467 2225 65 47 2160 201
is_linear=0
shrinkage=0.05


Tree=80
num_leaves=31
num_cat=0
split_feature=33 20 33 9 5 2 8 14 36 22 21 37 8 27 36 37 5 23 23 18 5 38 23 22 33 9 6 38 5 38
split_gain=8.53101 5.45381 5.78341 3.69619 4.16438 3.22845 4.15886 3.16877 3.26945 4.28892 3.79205 2.40719 1.7998 1.67762 1.58004 2.6903 1.5944 1.0618 2.70502 1.17783 1.34094 0.899284 1.44302 0.497402 0.198263 0.161297 0.272476 0.0566841 0.0047654 0.00222244
threshold=26.500000000000004 0.93750000000000011 2.5000000000000004 4.5000000000000009 0.77951389551162731 0.86706829071044933 0.65545505285263073 0.97688889503479015 1.0000000180025095e-35 5.5000000000000009 0.75000000000000011 0.64396551251411449 0.81872946023941051 1.0000000180025095e-35 1.0000000180025095e-35 0.57159194350242626 0.39791667461395269 0.72776681184768688 0.72524511814117443 0.71008405089378368 0.1965240687131882 0.88589513301849376 0.94904252886772167 27.500000000000004 27.500000000000004 10.500000000000002 0.43650794029235845 0.41060766577720648 0.39791667461395269 0.26158231496810919
decision_type=2 2 2 2 2 2 2 2 2 2 2 2 2 2 2 2 2 2 2 2 2 2 2 2 2 2 2 2 2 2
left_child=1 3 25 7 5 6 -5 8 9 -1 -10 14 17 23 16 -16 -4 18 19 24 -21 28 -23 29 -2 27 -27 -3 -13 -14
right_child=12 2 11 4 -6 -7 -8 -9 10 -11 -12 21 13 -15 15 -17 -18 -19 -20 20 -22 22 -24 -25 -26 26 -28 -29 -30 -31
leaf_value=-0.019135980771051123 0.0051862976836059976 0.06262087795926595 -0.018523789756437252 -0.026014581616593598 0.038626023385574339 -0.05452061803019851 0.0022606299477896954 0.05563721015885436 0.023395852814800899 0.011111105837031003 -0.0096081072439713339 0.056231114638118598 -0.057442224125811264 0.055943598929136619 0.023136433259932733 -0.043514197675338519 0.031890002591377996 -0.050456084586855743 0.13745613855164537 -0.051208245566898902 0.045730132622593317 0.050997722109797916 -0.07537525614301159 0.0046469940738969638 -0.051607428805748548 0.0015455913959029324 0.051043808701806671 0.051189343545262736 0.051583617983016833 -0.051439886922618007
leaf_weight=26.772289430722594 0.16244939714670481 1.2480593863874663 10.583765594288709 24.591670229565352 3.925665359478443 4.6545663652941576 27.60083703417331 2.957090998068451 28.600609807297587 20.844858940225095 12.510124836582689 0.67923293821513597 0.20076899230480127 0.97935665771365155 11.027400864288209 1.7549725566059358 1.8411620687693364 9.7464317912235838 0.25304473843425501 0.60432379273697712 0.87079219147562981 0.53044034726917733 0.39344861917197704 0.6658146008849144 2.8424451719038188 0.43338544294237979 0.77558805327862501 8.2699808180332166 2.9346727300435305 0.66508843144401908
leaf_count=431 11 14 140 1519 32 38 281 27 296 442 148 10 6 11 146 30 35 1722 9 70 7 30 17 7 377 13 41 430 117 52
internal_value=-0.000278186 0.00271302 0.0190292 -0.00161833 -0.0111807 -0.0146202 -0.0110619 0.00472004 0.00302309 -0.00589503 0.0133526 0.00767864 -0.0342438 0.00483391 0.00164364 0.0139855 -0.0110533 -0.0410206 -0.0215909 -0.0305744 0.00601653 0.0412028 -0.00281965 -0.0278458 -0.0485371 0.0505032 0.0333 0.0526883 0.0524571 -0.0528317
internal_weight=209.92 192.93 40.4721 152.458 60.7727 56.8471 52.1925 91.685 88.7279 47.6171 41.1107 29.7451 16.9905 2.51103 25.2073 12.7824 12.4249 14.4795 4.73306 4.48001 1.47512 4.53779 0.923889 1.53167 3.00489 10.727 1.20897 9.51804 3.61391 0.865857
internal_count=6509 4237 1023 3214 1870 1838 1800 1344 1317 873 444 525 2272 76 351 176 175 2196 474 465 77 174 47 65 388 498 54 444 127 58
is_linear=0
shrinkage=0.05


Tree=81
num_leaves=31
num_cat=0
split_feature=33 20 33 5 4 4 18 39 24 3 9 10 3 10 3 20 10 3 11 5 9 23 23 38 18 5 38 10 38 5
split_gain=8.02576 5.03003 5.60357 3.42038 5.42604 4.19203 4.07624 4.05986 3.65521 3.62268 4.18603 3.13139 2.55017 2.99081 2.96903 2.17998 2.06441 2.03352 1.98035 2.01263 1.81354 1.11584 2.30449 1.59468 1.3211 0.948939 0.445275 0.273666 0.0492344 0.0182789
threshold=26.500000000000004 0.93750000000000011 2.5000000000000004 0.31072796881198889 0.24316334724426272 0.61861473321914684 0.97916665673255932 0.58741211891174328 1.5000000000000002 0.11215933039784433 3.5000000000000004 0.68819445371627819 0.72065573930740368 0.43826219439506536 0.1490740776062012 0.46428571641445165 0.20761494338512423 0.89512962102890026 1.0000000180025095e-35 0.62678572535514843 17.500000000000004 0.72776681184768688 0.72524511814117443 0.41486424207687383 0.71008405089378368 0.76568627357482921 0.87570226192474376 0.55086207389831554 0.41060766577720648 0.70479303598403942
decision_type=2 2 2 2 2 2 2 2 2 2 2 2 2 2 2 2 2 2 2 2 2 2 2 2 2 2 2 2 2 2
left_child=1 3 27 4 9 -5 8 16 -7 10 -1 -9 13 20 -15 -11 -6 21 -14 -20 -4 22 23 29 -25 -19 -8 -3 -29 -2
right_child=17 2 12 5 7 6 26 11 -10 15 -12 -13 18 14 -16 -17 -18 25 19 -21 -22 -23 -24 24 -26 -27 -28 28 -30 -31
leaf_value=0.012518288678620683 -0.051802662014249656 0.019842017479758403 0.071157570341853868 0.074509065464311547 0.074646168527729165 -0.0062244674458092515 0.055354777993132376 0.04582492508770078 0.01458563780278405 0.011360389718234548 -0.058146415361059481 -0.021069012257343686 0.052374719056428293 0.02149387701557684 -0.022211771751053891 0.063896914183548689 -0.05097780897394108 0.059563475750426545 0.05319940006559272 -0.050698793979929074 0.0062121062810718284 -0.050431824458632785 0.11879671073062215 -0.039707458203679526 0.044172564362208171 -0.013490300963578172 0.018803254180326315 0.061953227128189882 0.05112149969017446 -0.066837709178180368
leaf_weight=5.284570312593134 2.6500022406689854 0.68848653230816026 2.0441519673913779 2.0109754446893922 0.33547240309417503 75.331824865192175 3.6573433130979529 2.2875595507211965 29.311407898087054 5.5058133029378933 3.4730813871137798 7.4371997369453311 4.666911330074071 5.5304019041359451 13.066907802131025 3.0786537062376738 12.998677286785094 0.7325765136629333 0.79252915084362019 1.1316872909665106 2.2669728775508702 9.4139911979436857 0.27745080646127451 0.85840314114466298 1.0358978481963275 1.1304995557293294 1.0790433492511509 1.1996601801365603 8.358706330880521 0.21884765429422248
leaf_count=69 352 27 15 13 4 723 78 51 309 165 165 132 181 41 206 31 1446 10 20 30 32 1743 9 104 13 37 28 14 457 4
internal_value=-0.000268309 0.00259939 0.0184338 -0.00154683 -0.0140095 0.00297334 0.00165813 -0.0299004 -0.00039539 0.00711973 -0.0155057 -0.00533352 0.0073691 -0.000516396 -0.00921474 0.0302016 -0.0478172 -0.0339296 0.0347763 -0.00790613 0.0370065 -0.0402665 -0.0212814 -0.0294408 0.0061623 0.015235 0.0470276 0.050288 0.052481 -0.0529496
internal_weight=207.856 191.538 39.7464 151.792 40.401 111.391 109.38 23.0589 104.643 17.3421 8.75765 9.72476 29.4996 22.9084 18.5973 8.58447 13.3341 16.3177 6.59113 1.92422 4.31112 14.4546 5.0406 4.76315 1.8943 1.86308 4.73639 10.2469 9.55837 2.86885
internal_count=6509 4237 1023 3214 2063 1151 1138 1633 1032 430 234 183 525 294 247 196 1450 2272 231 50 47 2225 482 473 117 47 106 498 471 356
is_linear=0
shrinkage=0.05


Tree=82
num_leaves=31
num_cat=0
split_feature=33 3 16 18 26 38 3 17 17 20 23 3 16 4 5 3 10 23 23 38 18 5 33 17 16 5 37 37 37 20
split_gain=7.53505 4.87591 4.50142 3.93511 4.22386 6.32548 5.11538 4.33208 3.91245 3.96855 5.25207 4.87512 2.77505 3.07976 2.12725 1.9474 1.49226 1.10133 2.00169 1.52697 1.22022 0.856853 0.144638 0.100382 0.085421 0.0154598 0.0067171 0.000501945 9.33923e-05 7.26668e-05
threshold=26.500000000000004 0.97467949986457836 0.18624359369277957 0.73030304908752453 1.0000000180025095e-35 0.18321678787469867 0.83752354979515087 0.24621212482452395 0.55902779102325451 0.81666666269302379 0.98870021104812633 0.67041200399398815 0.66815477609634411 0.90070420503616344 0.69883719086647045 0.89512962102890026 0.74133810400962841 0.72776681184768688 0.72524511814117443 0.41486424207687383 0.71008405089378368 0.76568627357482921 8.5000000000000018 0.21807064861059192 0.28443329036235815 0.70479303598403942 0.39767007529735571 0.48233564198017126 0.33626578748226171 0.21111111342906955
decision_type=2 2 2 2 2 2 2 2 2 2 2 2 2 2 2 2 2 2 2 2 2 2 2 2 2 2 2 2 2 2
left_child=1 3 22 4 6 16 14 -7 12 10 -10 -11 13 -5 -1 17 -6 18 19 25 -21 -17 -3 -4 -25 -2 -26 28 -19 -30
right_child=15 2 23 8 5 7 -8 -9 9 11 -12 -13 -14 -15 -16 21 -18 27 -20 20 -22 -23 -24 24 26 -27 -28 -29 29 -31
leaf_value=-0.049455560496680928 -0.051722962464426703 -0.049172871033980471 0.071633548988475113 0.0048538222361209291 0.097391442466217962 -0.042297887677118097 0.028743913652088476 -0.00074808547743873298 0.0020158904726453437 0.0037411282276326669 -0.036307695770746475 0.047296237082003222 0.086955018104806589 0.052757119097562949 0.070428081999135528 0.056615078329086591 0.032305340109191914 -0.050284022890209529 0.10434146785009962 -0.038951244926888236 0.042645261843355556 -0.012854469155337165 -0.020576538094232308 0.030263522297729856 0.057324129673723162 -0.065799835259992251 0.051217425632227226 -0.052828948701701454 -0.050548599585281156 -0.051455979383771749
leaf_weight=12.01876484090462 2.5245464800391342 0.95246337912976631 0.59029227681457808 9.5327457226812857 1.6408317857421928 7.303611058741807 2.829153709113597 44.471584468148649 52.160822065547109 20.103699136059735 10.789221578277646 9.4420351013541204 1.8330635409802187 5.1776509424671522 0.38178503885865289 0.73220446612685819 1.9008978167548773 7.4163855023216421 0.29947094898670901 0.83199312398210157 1.019766637124121 1.1271849833428857 0.82536010071635246 0.50040219724178303 0.48255060240626324 0.21137414686381806 6.7390780914574862 0.20964773930609304 1.0532851421739904 0.27911793766543258
leaf_count=726 352 20 4 231 24 387 23 929 607 228 161 404 17 51 3 10 19 1580 9 104 13 37 26 12 6 4 359 5 139 19
internal_value=-0.000260554 0.00249523 0.0363157 0.000595008 -0.00860664 -0.0021871 -0.0319235 -0.00660926 0.00654832 0.00254284 -0.00455252 0.0176602 0.0289433 0.0217145 -0.0457646 -0.0335434 0.0624588 -0.0399956 -0.0209032 -0.0290788 0.00598406 0.0145018 -0.0358969 0.0517603 0.0502412 -0.0528105 0.0516255 -0.0504112 -0.0503533 -0.0507387
internal_weight=205.381 189.676 10.0901 179.586 70.5466 55.3169 15.2297 51.7752 109.039 92.4958 62.95 29.5457 16.5435 14.7104 12.4005 15.705 3.54173 13.8456 4.88715 4.58768 1.85176 1.85939 1.77782 8.31232 7.72203 2.73592 7.22163 8.95844 8.74879 1.3324
internal_count=6509 4237 427 3810 2111 1359 752 1316 1699 1400 768 632 299 282 729 2272 43 2225 482 473 117 47 46 381 377 356 365 1743 1738 158
is_linear=0
shrinkage=0.05


Tree=83
num_leaves=31
num_cat=0
split_feature=15 3 3 20 3 5 4 37 9 14 24 10 3 26 9 18 16 14 15 23 5 10 34 36 37 20 37 9 20 22
split_gain=7.31833 6.33616 4.7371 3.6704 3.86251 3.45103 3.39723 4.56993 3.92741 3.0047 2.91524 2.26219 2.8201 1.82361 1.54498 1.50117 1.33434 2.2969 1.21092 0.980809 0.867839 0.666525 0.468681 0.395081 0.00122615 0.000524195 7.67726e-05 6.67732e-05 1.71547e-05 1.1443e-05
threshold=0.72531819343566906 0.97332859039306652 0.82009246945381176 0.81666666269302379 0.67041200399398815 0.93649193644523632 0.91024166345596325 0.52678793668746959 3.5000000000000004 0.615800440311432 4.5000000000000009 0.43826219439506536 0.1490740776062012 1.0000000180025095e-35 18.500000000000004 0.73030304908752453 0.36127844452857977 0.45969872176647192 0.59951692819595348 0.46228787302970892 0.46490147709846502 0.97467949986457836 0.41666667163372045 1.0000000180025095e-35 0.46869589388370519 0.46428571641445165 0.73125118017196666 1.5000000000000002 0.81666666269302379 4.5000000000000009
decision_type=2 2 2 2 2 2 2 2 2 2 2 2 2 2 2 2 2 2 2 2 2 2 2 2 2 2 2 2 2 2
left_child=2 3 16 5 11 6 8 -8 -2 10 13 14 -13 -4 -5 -6 19 -18 -15 -1 27 -17 23 -21 -3 26 -26 -19 -27 -28
right_child=1 24 9 4 15 -7 7 -9 -10 -11 -12 12 -14 18 -16 21 17 20 -20 22 -22 -23 -24 -25 25 28 29 -29 -30 -31
leaf_value=0.0025438453838567284 0.002700352045632788 0.053375869315665105 0.034410038979762657 0.06754375005896926 -0.0044494722915015741 -0.089821064322439026 0.035213663965355739 0.00034963408294464457 -0.019755542653094357 0.045214598427171661 0.022761917072393476 0.024223440198296923 -0.017834398306192975 -0.053082338620203257 0.008022860570323068 0.052834317288128721 0.14554754313109294 -0.051584233482602562 -0.0075143166412967631 -0.052107545853544525 0.038807129798903016 0.015528978513281369 0.023225263122507049 -0.035145638957447795 0.052021182118683756 0.050938025018932236 0.051567028347561356 -0.050520523688559152 0.050692829233743852 0.051248374383138999
leaf_weight=1.1335558819118947 42.552150557981804 0.65552603825926681 0.97236403077840616 2.1052506715059307 1.61457866616547 1.1050909459590901 12.550654932856558 37.433328296989202 35.896126739215106 2.8901689667254677 4.0402037724852562 6.0553671177476671 11.661666756961493 4.654969769064337 2.2613144489005208 8.4678053855895961 0.24932210147380729 0.19357690098695435 2.1227654628455639 10.674872964387754 0.40485695004463196 1.3945129048079259 0.24367536092177111 5.0604671116452673 1.062773007899523 0.93941670469939742 0.66596317477524258 0.62029574369080365 2.9641332598403096 0.48831481486558914
leaf_count=26 716 15 11 20 35 5 84 281 1799 25 37 51 181 189 32 348 2 11 24 1488 3 76 4 595 31 54 23 100 222 21
internal_value=-0.000254136 0.00394528 -0.0217017 0.001977 0.0167132 -0.00184086 -0.00108383 0.00910377 -0.00757495 -0.00047329 -0.0116728 0.00448486 -0.00345978 -0.029624 0.0367196 0.0402428 -0.0384742 0.00727248 -0.0388106 -0.0423988 -0.0210152 0.0475594 -0.045587 -0.0466526 0.0513207 0.0511006 0.0517145 -0.0507735 0.0507518 0.0514322
internal_weight=203.135 169.874 33.2611 163.098 33.5605 129.537 128.432 49.984 78.4483 14.6805 11.7903 22.0836 17.717 7.7501 4.36657 11.4769 18.5806 1.46805 6.77774 17.1126 1.21873 9.86232 15.979 15.7353 6.77613 6.1206 2.21705 0.813873 3.90355 1.15428
internal_count=6509 3994 2515 3628 743 2885 2880 365 2515 286 261 284 232 224 52 459 2229 116 213 2113 114 424 2087 2083 366 351 75 111 276 44
is_linear=0
shrinkage=0.05


Tree=84
num_leaves=31
num_cat=0
split_feature=15 3 3 20 6 20 5 2 5 16 3 10 10 4 15 24 16 19 8 2 37 2 27 15 6 34 17 5 37 33
split_gain=6.79932 6.04964 4.50549 3.37301 3.90053 3.07573 3.19511 3.46264 2.46837 2.09823 1.80408 2.28551 1.58512 1.36965 2.03709 2.32371 1.2639 2.06184 1.03133 2.83001 1.30432 0.878385 0.856561 1.87941 0.753142 0.239111 0.0177501 0.0078122 0.00105388 0.000819466
threshold=0.72531819343566906 0.97332859039306652 0.82009246945381176 0.81666666269302379 0.29285715520381933 0.63333335518836986 0.93649193644523632 0.93957647681236278 0.61834734678268444 0.77888888120651256 0.12372449040412904 0.43826219439506536 0.85053193569183361 0.95040982961654674 0.59317129850387584 4.5000000000000009 0.36127844452857977 0.38988380134105688 0.65261757373809826 0.67136150598526012 0.29897436499595648 0.79008570313453685 1.0000000180025095e-35 0.93127068877220165 0.37980769574642187 0.22500000149011615 0.56832298636436474 0.28708791732788091 0.46869589388370519 13.500000000000002
decision_type=2 2 2 2 2 2 2 2 2 2 2 2 2 2 2 2 2 2 2 2 2 2 2 2 2 2 2 2 2 2
left_child=2 3 16 5 10 6 7 -2 -4 24 12 -12 -5 25 15 -15 18 -18 26 -20 -21 -19 27 -24 -7 -10 29 -6 -3 -1
right_child=1 28 8 4 22 9 -8 -9 13 -11 11 -13 -14 14 -16 -17 17 21 19 20 -22 -23 23 -25 -26 -27 -28 -29 -30 -31
leaf_value=-0.051184050673675124 -0.001067310695011391 0.053205523705523096 0.043456634387192918 -5.7409844545434528e-05 0.056930420717742583 -0.038035547957566612 -0.084178156258448239 0.041490784948813281 -0.029110645820893899 -0.074639112934065957 0.029382361640401308 -0.016532379165197723 0.049880642582653255 -0.04205544068909621 0.031307887377772473 0.01828651126952829 0.14589425942962161 -0.05073563716463008 0.07372443469265462 -0.0012498426358823036 -0.055733781394402326 0.038296277735763093 -0.0088927768854242667 0.051840377449616164 0.0094248701111185971 -0.062972639354752544 -0.065813632513298706 0.051252108531848729 0.05104585014123203 -0.050284537009654962
leaf_weight=4.121567291906107 117.38057346455753 0.62550162803381582 2.6175634302198878 3.0563466511666801 0.67768234945833494 1.5616540787741535 1.1198056340217579 4.982375578954815 0.99127369094639783 2.2967792637646198 3.5356114204041651 11.610935758333651 3.3099581860005856 3.9839748567901552 3.0788591839373112 2.6611573100090027 0.22526110708713432 0.77474305988289394 0.64858494745567341 1.655952784232795 3.2628770931623876 0.4312372449785471 2.3212136644870043 2.8230486838147044 1.7986557837575672 1.0996720008552072 0.19605042831972319 5.7045163717120886 5.8281773710623384 6.5648606093600392
leaf_count=393 2780 15 38 19 12 27 5 45 31 13 37 168 34 145 36 24 1 111 39 99 132 4 45 133 15 12 3 295 351 1447
internal_value=-0.00024512 0.00378098 -0.0212558 0.00189181 0.0161478 -0.00175544 -0.000103837 0.00066557 -0.000474438 -0.0378067 0.00357254 -0.00581464 0.0259063 -0.0102072 -0.00231304 -0.0178905 -0.0380292 0.00703725 -0.0419503 -0.0244468 -0.0373914 -0.0188994 0.039618 0.0244361 -0.0126317 -0.0469194 -0.050905 0.051855 0.0512552 -0.0506315
internal_weight=200.946 168.633 32.3136 162.179 33.0393 129.14 123.483 122.363 14.4325 5.65709 21.5129 15.1465 6.3663 11.8149 9.72399 6.64513 17.8811 1.43124 16.4499 5.56741 4.91883 1.20598 11.5265 5.14426 3.36031 2.09095 10.8825 6.3822 6.45368 10.6864
internal_count=6509 3994 2515 3628 743 2885 2830 2825 286 55 258 205 53 248 205 169 2229 116 2113 270 231 115 485 178 42 43 1843 307 366 1840
is_linear=0
shrinkage=0.05


Tree=85
num_leaves=31
num_cat=0
split_feature=33 9 15 17 21 16 26 15 10 8 4 5 4 2 5 36 16 10 11 16 2 33 37 2 9 24 18 2 21 8
split_gain=6.57461 4.89485 4.83272 5.27569 4.19737 6.75538 3.95959 3.92609 3.19345 3.0997 2.98533 4.91017 4.07126 3.85711 6.86222 3.76944 3.6588 3.52777 5.20368 2.6689 2.56946 2.24152 2.14616 1.95979 1.93632 1.51724 1.40485 0.603525 0.442465 0.87217
threshold=34.500000000000007 4.5000000000000009 0.8841681480407716 0.52506268024444591 1.0000000180025095e-35 0.51316702365875255 1.0000000180025095e-35 0.87655842304229747 0.47140522301197058 0.65545505285263073 0.95040982961654674 0.61200717091560375 0.89512962102890026 0.8989795744419099 0.76568627357482921 1.0000000180025095e-35 0.16733333468437198 0.97722566127777111 1.0000000180025095e-35 0.64676174521446239 0.18321678787469867 2.5000000000000004 0.6925034523010255 0.89512962102890026 10.500000000000002 4.5000000000000009 0.65686276555061351 0.71516755223274242 0.75000000000000011 0.64218327403068554
decision_type=2 2 2 2 2 2 2 2 2 2 2 2 2 2 2 2 2 2 2 2 2 2 2 2 2 2 2 2 2 2
left_child=1 10 7 6 5 -5 24 9 -6 20 11 12 15 21 -15 -1 25 18 -18 -8 -3 -13 -11 28 -4 -12 -14 -9 -2 -30
right_child=23 2 3 4 8 -7 19 27 -10 22 16 13 26 14 -16 -17 17 -19 -20 -21 -22 -23 -24 -25 -26 -27 -28 -29 29 -31
leaf_value=-0.004278248046827463 -0.051210276128855425 0.0047157364832759244 0.026277481085149868 0.10731018477972046 0.039708344387849058 -0.044150256493241641 0.037347814378131443 -0.064384132476868111 -0.0033404764625820705 0.0035770980986299331 -0.052556387825261612 -0.00017332857601580373 0.01708290335165244 0.044584832762518734 -0.051445978372901019 0.021601660200602568 0.0023438349069783947 0.052859791312131227 0.0714818064791157 0.10966921598575852 -0.046543824245637272 -0.060436098755076675 -0.062185720941227866 0.021837333441567353 -0.060793842199966766 0.010780433291680939 0.074147522946549652 -0.11646566590385583 -0.050396030343375003 0.012044298526818691
leaf_weight=34.831942338263616 7.4354613460600358 3.1654237585607978 1.4484666350763276 0.79794527706690033 5.3328837445005801 9.5127607239410263 3.6484409333206713 1.3689622129313641 22.416879913304001 13.959805799648164 2.100495316553864 2.0641575315967184 1.6540619083680201 4.4234370654448858 3.2104944698512554 23.604761216556653 14.661700594238939 9.4823622060939687 3.341890978626906 1.9615058666095135 10.737796126864849 6.1123697361908853 1.3616350647062052 1.2258617291226972 1.1418618313036857 1.7196557335555551 3.0997700849547982 0.93695823103189457 1.4534976650029423 0.90901350742205966
leaf_count=830 1438 195 54 6 69 230 45 39 314 225 83 27 14 94 35 337 163 435 51 15 1266 53 13 32 53 16 51 8 298 20
internal_value=-0.000234669 0.0019648 -0.00763988 0.00264881 -0.00518875 -0.0324287 0.0390258 -0.0227351 0.00493254 -0.0177791 0.00873827 0.00356026 0.00979544 -0.0213602 0.00419851 0.00617561 0.021805 0.0281775 0.0151775 0.0626348 -0.0348733 -0.0452228 -0.00226732 -0.037764 -0.0121051 -0.0240451 0.0542923 -0.0855463 -0.045221 -0.0263711
internal_weight=199.122 188.098 77.7913 46.2607 38.0605 10.3107 8.20028 31.5306 27.7498 29.2247 110.307 79.001 63.1905 15.8105 7.63393 58.4367 31.3061 27.486 18.0036 5.60995 13.9032 8.17653 15.3214 11.0238 2.59033 3.82015 4.75383 2.30592 9.79797 2.36251
internal_count=6509 4721 2532 786 619 236 167 1746 383 1699 2189 1441 1232 209 129 1167 748 649 214 60 1461 80 238 1788 107 99 65 47 1756 318
is_linear=0
shrinkage=0.05


Tree=86
num_leaves=31
num_cat=0
split_feature=33 9 5 10 5 18 20 4 17 17 14 10 1 4 3 18 8 4 8 21 3 23 11 10 37 8 14 20 19 37
split_gain=6.17701 4.47188 3.88162 4.39847 4.18602 3.59583 3.57759 4.82764 5.16613 3.68065 3.15721 2.66576 2.96939 4.25879 3.64133 2.16309 2.11413 8.5338 1.87559 1.67706 1.56821 0.706739 0.794256 0.452435 0.131577 0.0123444 0.00842918 0.00522192 0.000386853 0.000377774
threshold=34.500000000000007 4.5000000000000009 0.77951389551162731 0.6195238232612611 0.47140522301197058 0.89181286096572887 0.46428571641445165 0.90595519542694103 0.73030304908752453 0.77097901701927196 0.75694981217384349 0.76833632588386547 1.0000000180025095e-35 0.98411098122596752 0.87585616111755382 0.71008405089378368 0.65545505285263073 0.68133461475372326 0.93440860509872448 0.75000000000000011 0.89323708415031444 0.54702240228652965 1.0000000180025095e-35 0.77638888359069835 0.49660037457942968 0.91266208887100231 1.0000000180025095e-35 0.77500000596046459 0.37155500054359442 0.48233564198017126
decision_type=2 2 2 2 2 2 2 2 2 2 2 2 2 2 2 2 2 2 2 2 2 2 2 2 2 2 2 2 2 2
left_child=1 6 3 4 5 -3 11 8 15 -10 -6 -1 13 -13 -14 -8 19 -18 21 -5 -4 22 -2 -9 25 29 -24 -25 -28 -23
right_child=18 2 20 16 10 -7 7 23 9 -11 -12 12 14 -15 -16 -17 17 -19 -20 -21 -22 24 26 27 -26 -27 28 -29 -30 -31
leaf_value=0.04221398961533112 0.0091803111981315685 -0.016534315287459595 0.06306475473744054 -0.052861252198419389 0.0021692636686930179 0.028951220439509935 -0.010859560166691734 0.019588748316649522 -0.078890790880271455 -0.0021816098329274806 0.077183310494952306 0.0023146228482920457 -0.053406064885807139 0.059529386413500966 -0.0046647790831211948 0.041297648848519053 0.084909448079361904 -0.019203894341150163 0.037863954951129625 -0.020605454759700811 0.00047206623293861733 -0.050364545450333503 -0.062381094213764234 0.053173133211674786 0.004045739463128202 -0.063150223171590927 -0.053264894325593996 0.050838721815671097 -0.050426423657170295 -0.05337149365999086
leaf_weight=3.8537138178944579 1.1928233734797649 16.089386231033139 2.6204158267937592 6.834250270621852 2.5226332731544963 5.9525546818040302 2.4411420298274633 1.2264660317450751 1.8007055036723603 11.883903495036064 3.159443560987711 41.868501132586971 4.9443166344426599 3.5263843475840977 17.030091390013695 10.705548707861452 2.1275933063589063 26.271999466232955 0.76868906104937273 9.8197372371796519 1.6189140211790798 7.4470792410429567 0.29233818082138885 3.962766367942093 0.11121807992458332 0.19493994489312161 0.21106653334572911 6.0576020264998078 0.27832758612930775 0.10593882575631131
leaf_count=32 31 982 30 726 38 83 68 23 16 149 46 898 34 40 218 140 21 329 21 253 24 1668 3 126 3 3 12 445 45 2
internal_value=-0.000231218 0.00188124 -0.00734674 -0.0100559 0.00561374 -0.00425068 0.00838357 0.0207552 0.00922874 -0.0122755 0.0438798 0.00176931 -0.000544236 0.0067592 -0.0156317 0.0316128 -0.0196983 -0.0114041 -0.0373538 -0.0338422 0.0391619 -0.0432335 -0.0164915 0.0482534 -0.0499522 -0.0507273 -0.0556634 0.0517619 -0.0516506 -0.0504067
internal_weight=196.92 186.318 77.0169 72.7776 27.724 22.0419 109.301 38.0781 26.8313 13.6846 5.68208 71.223 67.3693 45.3949 21.9744 13.1467 45.0536 28.3996 10.6024 16.654 4.23933 9.83373 1.97456 11.2468 7.85918 7.74796 0.781732 10.0204 0.489394 7.55302
internal_count=6509 4721 2532 2478 1149 1065 2189 967 373 165 84 1222 1190 938 252 208 1329 350 1788 979 54 1767 91 594 1676 1673 60 571 57 1670
is_linear=0
shrinkage=0.05


end of trees

feature_importances:
name_rapidfuzz_token_sort=201
address_numeric_match=188
address_token_containment=166
name_rapidfuzz_token_set=162
name_rapidfuzz_ratio=144
address_rapidfuzz_token_set=136
name_len_ratio=121
name_len_diff=118
name_sequence_ratio=117
address_len_ratio=113
name_jaccard_3gram=112
address_jaccard_3gram=106
retrieval_rank=104
name_jaccard_token=88
address_jaccard_token=88
name_tok_diff=80
name_address_product=80
is_source3=70
address_rapidfuzz_ratio=61
address_tok_diff=58
address_len_diff=54
name_address_min=40
name_address_harmonic_mean=40
retrieval_reciprocal_rank=39
is_us=35
name_token_containment=26
address_has_exact_number_match=19
address_sequence_ratio=18
retrieval_log_rank=11
is_india=9
name_core_exact_match=3
address_exact_match=2
s2_missing_address=1

parameters:
[boosting: gbdt]
[objective: binary]
[metric: binary_logloss,auc]
[tree_learner: serial]
[device_type: cpu]
[data_sample_strategy: bagging]
[data: ]
[valid: ]
[num_iterations: 300]
[learning_rate: 0.05]
[num_leaves: 31]
[num_threads: 4]
[seed: 42]
[deterministic: 0]
[force_col_wise: 0]
[force_row_wise: 0]
[histogram_pool_size: -1]
[max_depth: 6]
[min_data_in_leaf: 20]
[min_sum_hessian_in_leaf: 0.001]
[bagging_fraction: 0.8]
[pos_bagging_fraction: 1]
[neg_bagging_fraction: 1]
[bagging_freq: 0]
[bagging_seed: 400]
[bagging_by_query: 0]
[feature_fraction: 0.8]
[feature_fraction_bynode: 1]
[feature_fraction_seed: 30056]
[extra_trees: 0]
[extra_seed: 12879]
[early_stopping_round: 0]
[early_stopping_min_delta: 0]
[first_metric_only: 0]
[max_delta_step: 0]
[lambda_l1: 0]
[lambda_l2: 0]
[linear_lambda: 0]
[min_gain_to_split: 0]
[drop_rate: 0.1]
[max_drop: 50]
[skip_drop: 0.5]
[xgboost_dart_mode: 0]
[uniform_drop: 0]
[drop_seed: 17869]
[top_rate: 0.2]
[other_rate: 0.1]
[min_data_per_group: 100]
[max_cat_threshold: 32]
[cat_l2: 10]
[cat_smooth: 10]
[max_cat_to_onehot: 4]
[top_k: 20]
[monotone_constraints: ]
[monotone_constraints_method: basic]
[monotone_penalty: 0]
[feature_contri: ]
[forcedsplits_filename: ]
[refit_decay_rate: 0.9]
[cegb_tradeoff: 1]
[cegb_penalty_split: 0]
[cegb_penalty_feature_lazy: ]
[cegb_penalty_feature_coupled: ]
[path_smooth: 0]
[interaction_constraints: ]
[verbosity: -1]
[saved_feature_importance_type: 0]
[use_quantized_grad: 0]
[num_grad_quant_bins: 4]
[quant_train_renew_leaf: 0]
[stochastic_rounding: 1]
[linear_tree: 0]
[max_bin: 255]
[max_bin_by_feature: ]
[min_data_in_bin: 3]
[bin_construct_sample_cnt: 200000]
[data_random_seed: 175]
[is_enable_sparse: 1]
[enable_bundle: 1]
[use_missing: 1]
[zero_as_missing: 0]
[feature_pre_filter: 1]
[pre_partition: 0]
[two_round: 0]
[header: 0]
[label_column: ]
[weight_column: ]
[group_column: ]
[ignore_column: ]
[categorical_feature: ]
[forcedbins_filename: ]
[precise_float_parser: 0]
[parser_config_file: ]
[objective_seed: 16083]
[num_class: 1]
[is_unbalance: 0]
[scale_pos_weight: 1]
[sigmoid: 1]
[boost_from_average: 1]
[reg_sqrt: 0]
[alpha: 0.9]
[fair_c: 1]
[poisson_max_delta_step: 0.7]
[tweedie_variance_power: 1.5]
[lambdarank_truncation_level: 30]
[lambdarank_norm: 1]
[label_gain: ]
[lambdarank_position_bias_regularization: 0]
[eval_at: ]
[multi_error_top_k: 1]
[auc_mu_weights: ]
[num_machines: 1]
[local_listen_port: 12400]
[time_out: 120]
[machine_list_filename: ]
[machines: ]
[gpu_platform_id: -1]
[gpu_device_id: -1]
[gpu_device_id_list: ]
[gpu_use_dp: 0]
[num_gpu: 1]

end of parameters

pandas_categorical:[]
